Economy_Label,Feb. 2006_Index_Average_M2_2023__100_Value,May  2006_Index_Average_M2_2023__100_Value,Aug. 2006_Index_Average_M2_2023__100_Value,Nov. 2006_Index_Average_M2_2023__100_Value,Feb. 2007_Index_Average_M2_2023__100_Value,May  2007_Index_Average_M2_2023__100_Value,Aug. 2007_Index_Average_M2_2023__100_Value,Nov. 2007_Index_Average_M2_2023__100_Value,Feb. 2008_Index_Average_M2_2023__100_Value,May  2008_Index_Average_M2_2023__100_Value,Aug. 2008_Index_Average_M2_2023__100_Value,Nov. 2008_Index_Average_M2_2023__100_Value,Feb. 2009_Index_Average_M2_2023__100_Value,May  2009_Index_Average_M2_2023__100_Value,Aug. 2009_Index_Average_M2_2023__100_Value,Nov. 2009_Index_Average_M2_2023__100_Value,Feb. 2010_Index_Average_M2_2023__100_Value,May  2010_Index_Average_M2_2023__100_Value,Aug. 2010_Index_Average_M2_2023__100_Value,Nov. 2010_Index_Average_M2_2023__100_Value,Feb. 2011_Index_Average_M2_2023__100_Value,May  2011_Index_Average_M2_2023__100_Value,Aug. 2011_Index_Average_M2_2023__100_Value,Nov. 2011_Index_Average_M2_2023__100_Value,Feb. 2012_Index_Average_M2_2023__100_Value,May  2012_Index_Average_M2_2023__100_Value,Aug. 2012_Index_Average_M2_2023__100_Value,Nov. 2012_Index_Average_M2_2023__100_Value,Feb. 2013_Index_Average_M2_2023__100_Value,May  2013_Index_Average_M2_2023__100_Value,Aug. 2013_Index_Average_M2_2023__100_Value,Nov. 2013_Index_Average_M2_2023__100_Value,Feb. 2014_Index_Average_M2_2023__100_Value,May  2014_Index_Average_M2_2023__100_Value,Aug. 2014_Index_Average_M2_2023__100_Value,Nov. 2014_Index_Average_M2_2023__100_Value,Feb. 2015_Index_Average_M2_2023__100_Value,May  2015_Index_Average_M2_2023__100_Value,Aug. 2015_Index_Average_M2_2023__100_Value,Nov. 2015_Index_Average_M2_2023__100_Value,Feb. 2016_Index_Average_M2_2023__100_Value,May  2016_Index_Average_M2_2023__100_Value,Aug. 2016_Index_Average_M2_2023__100_Value,Nov. 2016_Index_Average_M2_2023__100_Value,Feb. 2017_Index_Average_M2_2023__100_Value,May  2017_Index_Average_M2_2023__100_Value,Aug. 2017_Index_Average_M2_2023__100_Value,Nov. 2017_Index_Average_M2_2023__100_Value,Feb. 2018_Index_Average_M2_2023__100_Value,May  2018_Index_Average_M2_2023__100_Value,Aug. 2018_Index_Average_M2_2023__100_Value,Nov. 2018_Index_Average_M2_2023__100_Value,Feb. 2019_Index_Average_M2_2023__100_Value,May  2019_Index_Average_M2_2023__100_Value,Aug. 2019_Index_Average_M2_2023__100_Value,Nov. 2019_Index_Average_M2_2023__100_Value,Feb. 2020_Index_Average_M2_2023__100_Value,May  2020_Index_Average_M2_2023__100_Value,Aug. 2020_Index_Average_M2_2023__100_Value,Nov. 2020_Index_Average_M2_2023__100_Value,Feb. 2021_Index_Average_M2_2023__100_Value,May  2021_Index_Average_M2_2023__100_Value,Aug. 2021_Index_Average_M2_2023__100_Value,Nov. 2021_Index_Average_M2_2023__100_Value,Feb. 2022_Index_Average_M2_2023__100_Value,May  2022_Index_Average_M2_2023__100_Value,Aug. 2022_Index_Average_M2_2023__100_Value,Nov. 2022_Index_Average_M2_2023__100_Value,Jan. 2023_Index_Average_M2_2023__100_Value,Feb. 2023_Index_Average_M2_2023__100_Value,Mar. 2023_Index_Average_M2_2023__100_Value,Apr. 2023_Index_Average_M2_2023__100_Value,May  2023_Index_Average_M2_2023__100_Value,June 2023_Index_Average_M2_2023__100_Value,Jul. 2023_Index_Average_M2_2023__100_Value,Aug. 2023_Index_Average_M2_2023__100_Value,Sep. 2023_Index_Average_M2_2023__100_Value,Oct. 2023_Index_Average_M2_2023__100_Value,Nov. 2023_Index_Average_M2_2023__100_Value,Dec. 2023_Index_Average_M2_2023__100_Value,Jan. 2024_Index_Average_M2_2023__100_Value,Feb. 2024_Index_Average_M2_2023__100_Value,Mar. 2024_Index_Average_M2_2023__100_Value,Apr. 2024_Index_Average_M2_2023__100_Value,May  2024_Index_Average_M2_2023__100_Value,June 2024_Index_Average_M2_2023__100_Value,Jul. 2024_Index_Average_M2_2023__100_Value,Aug. 2024_Index_Average_M2_2023__100_Value,Sep. 2024_Index_Average_M2_2023__100_Value,Oct. 2024_Index_Average_M2_2023__100_Value,Nov. 2024_Index_Average_M2_2023__100_Value,Dec. 2024_Index_Average_M2_2023__100_Value,Jan. 2025_Index_Average_M2_2023__100_Value,Feb. 2025_Index_Average_M2_2023__100_Value,Mar. 2025_Index_Average_M2_2023__100_Value,Apr. 2025_Index_Average_M2_2023__100_Value,May  2025_Index_Average_M2_2023__100_Value,June 2025_Index_Average_M2_2023__100_Value,Jul. 2025_Index_Average_M2_2023__100_Value,Aug. 2025_Index_Average_M2_2023__100_Value,Sep. 2025_Index_Average_M2_2023__100_Value,Oct. 2025_Index_Average_M2_2023__100_Value,Nov. 2025_Index_Average_M2_2023__100_Value,Dec. 2025_Index_Average_M2_2023__100_Value,Jan. 2026_Index_Average_M2_2023__100_Value,Feb. 2026_Index_Average_M2_2023__100_Value,Mar. 2026_Index_Average_M2_2023__100_Value
"Albania",,,,5.01,5.48,5.48,5.04,5.19,6.23,6.28,11.35,12.93,12.78,12.12,13.13,10.31,14.98,10.21,10.21,10.21,10.21,14.42,12.91,12.31,12.31,16.54,16.94,12.7,15.57,16.05,17.86,14.03,17.41,12.74,16.04,16.35,16.08,16.76,16.73,16.72,17.09,13.58,17.53,17.86,18.77,16.57,14.98,14.31,14.29,8.49,14.51,15.02,15.11,14.47,19.52,19.52,18.37,18.36,14.34,14.34,14.58,14.58,15.03,15.02,13.67,12.76,12.75,11.97,11.97,11.97,11.98,11.98,11.98,11.98,11.98,11.98,11.98,13.24,13.24,13.24,13.24,12.4,12.39,12.39,12.39,12.39,12.39,15.59,12.39,12.39,12.39,12.39,14.22,14.22,14.22,14.22,14.2,14.2,14.2,14.2,14.2,17.78,12.21,12.21,12.21,12.21,12.21
"Algeria",59.7,61.43,61.83,63.24,52.51,55.39,56.76,56.46,57.62,61.6,63.8,63.87,64.45,64.27,59.47,59.23,62.08,63.85,65.4,64.79,60.95,62.96,57.93,58.76,53.37,54.26,55.66,55.11,53.61,56.45,60.93,54.81,59.01,62.45,66.54,66.1,74.96,73.05,70.5,74.17,77.16,77.67,76.19,76.76,73.04,68.13,68.57,71.27,71.06,72.26,72.61,69.93,64.58,67.78,72.21,73.24,69.43,68.65,71.43,68.06,67.37,64.49,64.03,62.91,61.06,55.7,61.29,61.35,64.46,62.2,60.38,60.42,64.67,63.65,61.04,67.28,69,69.5,68.65,69.33,69.34,70.43,72.97,75.46,71.01,70.92,72.94,72.94,72.94,66.18,67.86,69.81,69.43,68.36,69.39,71.05,69.08,70.94,69.19,71,70.99,71.25,70.9,71.69,70.52,74.7,74.5
"American Samoa",31.73,31.72,41.08,38.53,37.86,37.86,38.55,33.63,33.63,34.51,31.38,30.77,30.02,30.02,22.85,22.85,22.85,20.77,20.07,20.07,19.98,21.97,19.54,19.54,19.54,20.1,20.1,19.42,19.42,19.42,23.73,23.73,21.85,20.81,20.81,23.94,23.94,23.94,23.93,24.71,25.4,22.9,25.3,25.32,25.4,25.4,25.6,25.6,25.86,25.84,25.81,25.73,25.73,25.74,25.74,27.09,28.66,28.66,28.66,28.38,28.39,28.39,28.31,28.23,28.24,28.24,28.24,28.24,29.75,29.75,29.75,29.75,28.23,29.09,29.04,27.9,27.9,27.9,27.9,27.9,27.9,27.9,27.98,27.98,27.98,26.18,26.18,26.18,26.16,26.16,26.16,26.16,26.16,26.16,26.16,26.16,26.16,26.33,26.33,26.33,26.33,26.33,26.33,26.33,26.33,26.33,26.33
"Angola",61.54,63.25,65.2,63.83,60.48,63.17,62.73,66.55,67.7,69.63,62.55,67.16,73.41,73.35,79.06,79.09,74.6,73.06,75.76,73.61,73.44,73.41,69.73,69.39,67.36,72.3,76.91,79.83,80.11,79.67,81.08,79.61,84.86,82.65,79.53,77.2,75.67,73.97,74.48,74.26,82.42,78.98,77.67,76.18,76.41,69.74,68.86,70.48,69.47,70.42,66.86,62.72,61.76,69.74,69.43,73.73,69.35,64.62,67.18,56.75,56.76,55.99,56.13,55.51,54.82,54.76,55.97,56.36,56.37,56.42,56.43,56.47,56.45,56.39,56.39,56.41,56.42,56.45,56.42,56.42,56.41,55.87,55.49,58.04,60.2,60.2,59.98,61.35,59.7,61.49,62.33,62.4,66.44,66.31,66.37,66.38,66.33,66.32,64.02,64.02,66.51,66.55,66.78,66.76,66.02,66.05,66.03
"Anguilla",7.73,6.9,,,,9.66,9.66,,,,,,,,,,,,,7.98,,,,10.32,10.32,10.32,10.32,10.32,10.32,10.32,10.32,10.32,10.32,10.32,10.32,10.32,10.32,10.32,10.32,10.32,15.92,18.31,18.31,18.27,18.31,18.31,18.31,18.3,18.3,18.3,18.3,18.3,13.99,13.99,13.99,13.99,13.99,13.99,13.99,13.99,13.99,13.99,13.99,,,,,,,,,,,,,,,,,,,,,,,,,,,,,,,,,,,,,,,,,,,,
"Antigua and Barbuda",22.93,24.65,24.66,24.66,24.66,24.66,27.58,26.12,27.17,25.14,25.14,25.14,25.14,25.25,25.25,25.25,25.14,25.14,25.14,22.31,22.99,22.99,22.99,22.99,22.99,22.99,22.99,22.99,23.95,23.95,25.82,25.82,26.03,26.03,26.03,23.67,24.26,24.28,20.7,20.11,20.11,14.54,14.54,14.54,15.53,15.53,19.03,19.03,19.03,15.53,15.53,15.53,14.85,19.04,19.1,18.43,18.43,18.43,18.43,18.43,18.43,18.43,18.45,19.12,26.07,26.08,26.07,26.07,26.1,26.14,26.14,26.14,26.14,26.14,26.14,26.14,26.14,26.14,26.14,26.14,26.14,26.14,26.14,26.15,26.15,26.15,26.15,26.15,26.15,26.15,26.15,26.15,26.15,26.15,26.15,26.15,26.15,26.15,26.15,26.15,26.15,26.15,26.15,26.15,21.87,25.48,25.48
"Argentina",116.64,114.39,111.68,109.27,105.99,107.57,106.61,106.94,111.32,114.8,117.08,117.35,114.64,107.57,107.6,107.56,110.42,113.34,112.44,113.94,112.3,113.3,104,106.94,103.87,103.39,108.61,113.18,112.64,118,112.36,110.67,113.13,119.33,115.86,113.14,112.55,111.77,101.48,97.57,101.04,107.07,107.05,104.21,101.87,105,105,105.04,105.25,104.15,109.05,105.16,99.67,101.44,101.48,103.29,96.12,101.13,97.03,97.09,96.61,99.43,97.84,96.6,101.62,100.34,99.01,98.99,99.83,97.21,98.53,99.7,99.71,103.09,103.12,101.14,101.19,100.92,101,101.02,103.08,103.45,105.96,106.1,104.98,101.74,101.78,99.36,99.3,99.35,99.41,99.46,100.11,105.21,107.18,107.16,108.21,108.35,108.4,111.19,111.11,110.53,110.13,110.22,110.91,110.99,110.88
"Aruba",27.6,30.64,23.22,23.23,25.27,24.79,26.97,26.98,27.36,27.36,25.79,24.71,24.71,26.9,28,28,29.44,33.77,34.45,34.47,38.93,38.24,37.09,29.53,32.07,33.07,34.2,30.33,32,30.84,30.85,30.86,28.6,29.22,29.22,30.3,29.63,29.64,27.68,28.33,32.41,33.58,27.89,24.76,23.63,23.63,24.31,30.65,30.66,32.55,33.3,32.62,32.92,30.71,30.16,26.1,28.98,28.97,28.84,31.5,31.5,31.11,26.54,22.41,21.76,21.76,21.42,19.47,20.93,18.77,18.77,18.77,18.77,17.59,17.6,17.6,17.6,17.6,18.37,18.37,20.18,14.93,17.17,17.17,22.72,22.72,22.71,22.71,22.71,22.72,22.72,18.38,18.39,18.39,18.39,18.39,18.4,17.98,17.98,17.98,17.98,17.98,17.98,17.98,17.98,17.98,17.98
"Australia",139.19,141.65,142,140.77,141.92,146.75,146.7,147.48,152.36,157.76,161.46,156,151.48,150.21,143.99,146.99,145.51,148.77,154.83,160.15,157.96,156.65,157.76,150.75,147.94,145.85,145.08,149.16,152.48,146.55,152.02,154.94,156.48,159.43,158.4,162.02,159.19,153.81,154.8,155.92,157.43,154.7,156.62,157.56,148.41,142.96,147.4,145.21,142.54,146.37,145.81,145.08,146.34,150.45,144.5,141.17,138.6,137.95,140.08,145.11,148.55,147.54,145.15,145.81,148.35,150.46,148.54,150.88,149.25,148.59,145.69,151.53,152.13,152.49,152.33,153.66,153.18,150.63,144.99,145.12,144.42,144.15,143.86,144.99,144.23,141.27,141.21,139.32,138.29,140.61,141.69,141.84,142.97,142.93,142.27,142.3,142.42,140.29,139.82,141.28,141.21,142.01,143.04,142.45,142.48,144.68,144
"Bahamas",58.07,53.48,53.32,53.38,54.29,57.71,57.56,61.8,59,56.56,59.07,59.22,58.17,59.76,60.4,63.64,70.58,71.3,70.84,69.25,69.89,70.07,63.42,67.64,66.57,63.7,65.7,68.38,68.44,69.11,65.24,65.3,64.98,66.01,71.03,71.76,73.01,67.96,68.06,72.17,74.59,75.54,79.58,80.54,75.14,79.27,75.82,75.8,72.57,72.68,70.27,70.54,73.19,79.11,85.17,81.99,84.83,73.96,76.84,83.51,87.9,93.12,92.87,81.33,79.9,77.33,82.49,78.87,77.01,80.18,80.14,79.03,78.95,83.69,82.34,82.36,82.1,79.02,81.67,81.75,80.45,86.14,85.25,86.54,85.19,89.9,81.86,81.85,87.81,87.55,87.17,86.94,71.08,69.66,70.37,70.44,69.88,67.81,68.84,68.89,84.13,83.68,83.66,91.96,94.18,102.02,102.06
"Bahrain",33.72,33.72,34.37,34.37,36.93,35.79,35.86,40.89,41.05,39.27,41.11,36.97,29.55,29.65,39.49,37.2,34.84,50.61,49.98,46.7,49.32,45.64,43.58,45.13,49.84,46.1,49.99,46.06,54.62,56.08,55.46,55.75,54.51,54.9,55.19,55.96,53.45,50.32,49.3,53.75,50.06,51.16,47.13,28.55,29.66,57.99,51.56,51.64,51.4,50.71,51.44,48.14,45.75,45.11,21.6,24.16,24.03,23.91,43.25,47.21,48.91,49.17,45.95,52.84,58.85,59.52,28.25,32.75,36.12,32.77,38.85,38.84,39.21,39.35,39.38,23.54,41.11,47.21,54.48,43.8,44.51,27.77,25.42,28.52,35.2,36.6,36.6,33.94,35.26,36.67,53.37,53.41,37.54,30.06,31.88,31.89,31.85,60.44,60.49,57.88,65.77,64.43,63.98,63.26,83.78,84.13,74.61
"Bangladesh",41.28,44.43,46.1,46.17,46.27,54.79,52.34,56.46,50.07,42.81,49.65,49.47,44.91,42.21,43.52,41.28,38.59,35.82,41.29,40.66,44.08,40.45,39.9,39.13,43.49,39.43,39.44,38,36.89,36.59,42.27,45.33,43.76,47.96,48.24,45.85,48.21,53.84,53.83,60.02,56.83,58.15,62.06,55.34,57.61,59.91,56.26,56.26,64.03,63.82,63.75,68.24,63.88,64.91,63.46,60.25,63.63,63.64,66.63,72.94,75.37,76.83,79.81,77.97,81.09,77.11,85.03,86.68,81.86,80.56,80.64,85.93,81.61,82.68,87.1,87.79,86.24,83.96,79.46,81.11,76.93,74.18,72.18,69.87,70.19,66.22,68.09,65.97,68.17,68.01,69.49,73.3,75.76,78.42,77.94,77.94,77.93,77.93,77.93,78.44,76.45,75.26,75.27,75.27,75.18,75.04,75.13
"Barbados",36.61,36.61,36.62,37.09,33.87,37.08,42.3,32.32,40.71,41.38,36.55,34.29,34.29,37.24,37.24,37.24,44.49,44.49,41.43,40.11,39.21,37.13,31.5,32.17,32.51,32.5,32.49,32.49,32.63,31.17,34.05,34.05,34.27,34.72,34.72,33.95,33.96,35.11,34.04,32.66,35.28,38.05,40.67,40.7,40.83,40.83,34.91,36.06,36.76,36.88,34.36,34.36,34.36,32.49,33.23,33.23,32.57,32.57,32.81,35.24,35.93,35.94,32.82,30.07,30.76,33.66,33.66,33.67,36.06,36.1,36.1,34.42,36.24,36.24,36.3,36.3,36.3,36.3,37.39,37.39,39.15,39.17,39.21,37.46,37.94,37.96,38.2,38.2,38.2,38.2,38.2,36.85,36.85,36.87,34.01,34.01,34.01,34.88,34.88,34.88,34.88,34.88,35.69,35.72,33.6,33.52,33.52
"Belgium",420.27,422.97,431.46,423.34,424.18,428.02,428.71,447.62,454.77,458.9,458.64,447.08,444.31,431.14,413.07,412.2,421.85,425.8,420.89,422.11,423.31,417.64,413.38,411.67,410.49,405.69,399.53,400.8,384.06,380.29,382.89,379.48,371.17,377.09,378.01,380.38,382.9,387.18,400.35,403,398.68,386.81,391.49,377.26,406.39,411.04,398.56,368.66,377.66,379.88,373.66,373.56,370.08,379.58,365.13,370.98,370.28,363.83,362.63,357.52,360.28,364.27,359.67,353.56,351.17,349.88,356.4,349.89,348.42,345.72,346.62,350.97,357.57,356.81,359.18,361.61,361.51,352.96,349.63,347.98,347.68,338.92,340.67,340.68,343.6,344.95,347.26,345.9,347.17,349.55,345.79,347.87,347.87,339.26,340.82,346.1,345.81,348.49,350.26,343.07,338.77,337.26,345.02,349.15,344.47,339.98,342.25
"Belize",14.73,14.73,12.47,12.47,12.77,12.77,10.05,10.05,17.73,17.73,10.56,10.56,17.9,15.67,15.57,15.57,15.41,15.41,11.6,11.6,14.48,14.48,14.48,15.49,23.41,23.39,23.48,23.48,25.37,25.41,27.08,25.82,26.49,26.3,28.33,28.34,26.3,26.22,26.9,25.86,27.42,28.09,31.48,28.53,29.65,29.65,28.3,28.3,28.3,26.59,29.32,29.32,29.35,28.22,30.53,30.52,27.67,27.67,27.72,22.43,22.43,22.9,21.58,19.35,15.68,18.56,18.56,18.54,18.56,18.56,18.56,19.99,18.55,18.55,18.55,18.55,18.55,18.55,18.55,18.55,18.55,18.17,18.17,18.17,18.17,18.17,18.17,18.17,18.17,18.17,18.17,18.17,18.17,18.17,17.49,17.49,17.49,17.49,19.24,19.24,19.24,14.4,14.4,14.63,14.63,17.37,17.37
"Benin",49.62,39.98,40.83,46.06,41.46,42.51,42.41,41.97,48.44,47.66,45.11,44.79,45.58,48.5,51.72,52.07,48.1,52.54,57.36,47.34,52.76,52.24,55.22,55.58,55.09,62.48,55,53.08,54.02,55.63,63.61,63.6,65.71,65.1,67.54,63.06,62.77,67.23,69.63,62.53,62.42,55.59,57.89,55.53,55.06,57.19,57.01,62.26,63.69,60.63,63.58,63.93,59.31,59.36,59.56,55.83,58.02,59.07,68.3,58.92,65.95,66,65.61,64.38,64.42,65.3,74.47,62.61,63.15,63.3,70.02,76.82,62.6,62.9,63.89,63.94,64.01,64.88,64.91,59.34,55.43,55.56,56.7,56.91,53.62,53.68,53.61,55.22,54.09,54.87,54.86,54.85,58.15,58.99,62.53,66.02,63.79,65.92,62.6,66.01,73.04,67.05,68.13,70.89,71.88,77.66,77.59
"Bermuda",7.79,7.79,7.79,7.79,7.79,7.79,7.79,7.76,7.79,7.79,7.79,7.79,7.79,7.79,7.79,7.79,7.79,7.79,7.79,7.79,7.79,7.79,7.79,7.79,7.79,7.79,7.79,7.79,7.79,7.79,7.79,7.79,7.77,7.77,7.77,7.77,7.77,7.77,7.77,7.77,7.77,7.77,7.77,7.77,7.77,7.77,7.77,7.77,7.77,7.77,7.77,7.77,7.77,7.77,7.98,7.98,7.98,7.98,7.98,7.98,7.98,7.98,7.98,7.98,7.98,7.98,7.98,7.98,7.98,7.98,7.98,7.98,7.98,7.98,7.98,7.98,7.98,7.98,7.98,7.98,7.98,7.98,7.98,7.98,7.98,7.98,7.98,7.98,7.98,7.98,7.98,7.98,7.98,7.98,7.98,7.98,7.98,7.98,7.98,7.98,7.98,7.98,7.98,7.98,7.98,7.98,7.98
"Bonaire, Sint Eustatius and Saba",,,,,,,,,,,,,,,,,,,,,9.14,9.14,,,,14.01,14.01,14.01,14.35,14.35,14.35,14.35,14.35,14.18,14.18,14.18,12.15,16.88,16.88,18.23,19.99,20,11.6,11.6,11.6,11.6,11.6,11.6,11.6,18.05,18.05,17.38,9.87,9.87,9.87,9.87,9.87,9.87,9.87,9.8,9.8,9.8,9.78,9.78,10.45,10.45,10.45,,,,,,,,,,,,6.64,6.64,6.64,6.64,6.64,6.64,6.64,6.64,5.31,5.31,5.31,5.31,5.31,5.31,5.31,5.31,5.31,5.31,5.31,5.31,5.31,5.31,5.31,5.31,5.31,5.31,5.31,5.31,5.31
"Brazil",165.34,164.8,160.33,160.18,161.12,166.84,165.23,166.29,167.35,167.52,170.5,172.21,166.76,159.95,155.48,148.37,142.97,147.13,149.54,147.63,146.45,153.38,157.98,154.01,144.83,142.5,144.99,138.64,136.64,137.42,140.27,141.73,135.5,141.54,138.28,136.49,133.27,131.99,133.65,126.91,128.56,130.6,127.97,118.85,115.79,117.91,120.2,120.34,120.01,123.35,122.69,120.16,115.84,117.03,117.44,118.89,117.55,121.93,117.96,122.57,119.26,119.76,119.88,121.05,125.09,125.45,124.46,124.81,125.1,126.17,133.46,134.71,134.92,137.29,137.38,135.44,134.72,133.82,134.63,134.69,137.18,137.62,142.33,142.84,141.78,144.69,157.03,155.68,156.56,155.63,154.65,155.42,155.01,155.51,150.37,154.11,155.25,155.55,158.76,160.08,160.13,159.83,165.18,164.46,164.49,164.47,164.43
"British Virgin Islands",13.3,13.69,11.94,11.94,11.94,11.94,14.77,10.56,10.56,10.56,10.56,10.56,10.56,10.56,10.56,10.56,10.56,10.56,10.56,11.66,11.66,11.66,11.66,11.72,11.72,11.72,11.72,11.72,11.72,11.72,11.72,11.72,11.72,11.72,11.72,11.63,11.63,11.73,11.73,11.73,11.73,20.11,20.11,19.99,20.04,20.04,22.87,22.86,22.86,22.86,22.86,22.86,20.37,20.37,20.45,24.77,21.94,21.94,21.94,17.62,17.62,17.62,17.62,8.28,8.28,8.28,8.28,8.28,8.28,8.28,8.28,8.28,8.28,8.28,8.28,8.28,8.28,8.28,8.28,8.28,8.28,8.28,8.28,8.28,8.28,8.28,8.28,8.28,8.28,8.28,8.28,8.28,8.28,8.28,8.28,8.28,8.28,11.79,11.79,11.79,11.79,11.79,11.79,11.79,11.79,11.79,11.79
"Brunei Darussalam",21.19,21.21,20.68,20.68,20.91,18.52,18.52,19.23,19.23,19.23,17.62,18.21,19.34,18.79,18.81,22.36,22.35,23.25,25.73,26.81,25.8,25.98,26.2,25.18,25.18,24.93,22.11,26.18,23.92,23.92,23.97,23.97,23.97,23.97,22.94,27.99,27.21,22.2,22.02,24.28,24.28,28.46,27.62,23.51,26.68,23.78,21.41,21.12,18.89,18.76,18.75,18.75,22,22.07,23.4,22.24,22.26,22.26,21.58,20.39,18.7,18.19,18.19,22.65,22.89,22.9,22.06,23.89,24.18,24.18,24.88,24.88,25.06,25.07,25.18,25.46,24.96,25.1,24.98,24.98,26.12,26.2,26.2,25.66,25.66,25.66,23.37,21.62,21.62,21.62,21.49,21.49,21.48,21.48,21.5,21.5,21.5,21.5,21.5,21.69,23.71,22.62,23.38,23.39,23.39,23.39,23.39
"Bulgaria",38.23,36.47,36.46,35.75,33.48,32.66,36.53,33.1,30.64,34.97,49.51,51.4,49.11,23.34,20.56,20.51,19.91,18,17.88,21.34,21.99,21.99,18.47,22.34,22.34,25.69,26.35,26.86,23.2,23.26,23.93,20.75,20.6,20.6,29.48,29.7,27.86,27.86,27.33,26.39,22.98,27.33,27.25,23.52,25.82,25.91,25.04,25.09,25.42,24.32,24.35,24.72,24.41,24.27,24.21,24.02,24.07,24.01,21.83,21.81,21.77,21.77,21.74,21.69,21.7,24.05,27.09,27.02,27.68,27.68,27.75,27.12,27.11,27.02,29.36,29.41,29.41,29.27,29.27,29.25,31.65,31.63,31.66,31.3,33.82,30.26,29.19,29.19,29.24,29.24,29.24,29.25,29.19,31.44,26.71,26.71,26.64,27.79,26.63,27.81,27.82,25.59,24.4,24.4,24.41,24.4,27.04
"Cabo Verde",15.79,15.55,19.14,19.14,19.14,15.6,17.23,17.23,19.03,23.21,23.05,23.05,23.76,23.92,19.49,19.49,19.49,19.49,19.49,18.12,18.07,19.15,19.15,19.18,19.18,18.73,18.73,18.73,19.3,12.01,12.01,12.01,17.62,12.35,12.35,12.36,11.21,11.21,11.55,14.01,14,13.29,15.16,13.21,11.87,11.95,11.95,19.62,19.69,21.56,21.58,20.04,20.05,19.18,19.18,19.18,11.87,11.87,11.64,11.64,11.64,11.64,11.64,11.62,11.62,11.62,11.5,11.5,11.66,11.66,11.66,11.66,11.66,11.66,11.66,11.66,11.66,11.66,11.66,11.66,11.66,11.66,11.68,11.68,11.68,11.68,11.68,11.68,11.68,11.68,11.68,11.68,11.68,11.68,11.68,11.68,11.68,11.68,11.68,11.68,11.68,11.68,11.68,11.68,11.68,16.98,17.28
"Cambodia",17.09,17.1,19.99,20.7,20.67,19.73,17.44,20.75,22.4,22.45,20.07,20.36,18.11,18.58,18.29,18.05,18.05,21.91,22.71,21.99,19.73,19.73,19.66,19.66,13.67,13.67,13.86,19.22,19.7,21.99,22.08,22.75,20.57,20.48,19.86,25.97,25.54,30.89,30.82,37.53,34.46,37.05,40.11,35.98,35.42,36.6,34.76,31.61,29.44,31.77,34.05,34.25,34.29,29.33,32.7,32.65,34.55,38.11,41.86,41.78,38.13,40.37,38.39,32.23,35.65,35.56,35.56,36.92,36.96,42.55,41.54,39.14,38.8,36.93,37.66,41.87,41.87,40.75,46.54,46.54,46.54,47.8,47.83,47.82,47.83,45.39,47.81,47.81,47.8,48.94,48.98,46.58,46.61,49.09,52.11,53.21,53.23,55.64,56.88,56.89,58.14,59.28,60.69,60.69,60.53,61.91,65.44
"Cameroon",68.06,66.47,65.96,66.27,65.07,68.05,66.05,69.01,69.14,70.85,73.59,72.5,74.69,71.39,66.58,68.7,67.23,65.48,69.66,65.63,71.32,66.98,65.6,72.08,61.89,65.92,67.32,74.67,72.2,70.46,66.45,66.41,64.21,64.47,66.34,62.98,61.49,52.45,53.28,49.13,56.82,57.64,60.4,60.59,59.88,57.39,55.75,52.5,55.08,69.17,70.23,70.55,70.68,56.42,56.66,54.87,53.89,61.65,66.03,65.91,63.84,64.9,65.9,60.64,60.64,59.11,59.03,59.58,59.22,59.25,59.25,59.66,59.63,60.34,61.19,60.5,61.53,60.88,60.86,60.88,67.17,65.52,66.52,68.26,65.66,65.66,63.69,64.23,64.39,63.64,63.65,63.66,66.66,65.56,65.55,99.97,101.02,101.01,99.68,101.13,103.73,103.76,101.91,102.23,101.72,105.37,105.39
"Canada",157.45,158.76,151.37,153.18,150.28,147.1,144.77,150.12,152.1,162.66,155.22,150.88,150.79,153.49,138.6,141.09,138.4,137.63,142.12,147.1,151.17,157.27,153.93,143.81,141.9,138.03,144,145.57,143.97,147.77,153.56,157.36,162.45,163.05,151.49,150.9,150.7,149.23,150.88,158.75,152.27,158.14,154.48,154.47,154.8,162.37,161.35,163.1,160.19,161.88,159.34,158.23,156.43,160.69,160.57,160.88,163.13,160.63,156.46,159.9,159.21,155.68,155.27,162.17,162.93,167.45,161.68,160.67,153.78,154.29,156.15,154.1,155.22,156.89,154.46,152.46,157.38,159.52,159.63,160.9,162,157.05,153.35,153.37,155.31,154.91,151.42,152.49,152.16,153.79,154.12,154.84,161.01,166.82,163.09,160.06,156.23,157.56,157.99,157.74,157.23,155,157.33,165.59,160.56,160.53,162.18
"Cayman Islands",9.33,9.33,10.39,10.39,10.39,10.39,10.39,10.49,7.25,7.25,7.25,7.25,7.25,10.13,10.13,10.13,10.13,10.13,7.25,7.25,7.25,7.25,7.25,11.61,9.44,9.44,9.44,9.44,9.44,9.44,9.44,9.44,9.44,9.44,9.44,9.44,9.44,6.6,6.6,6.6,6.67,6.67,6.67,6.67,6.67,6.67,6.67,6.67,6.67,5.95,5.95,5.95,8.79,8.79,8.79,8.79,8.79,8.79,8.79,8.46,8.46,8.46,8.46,8.46,8.46,8.46,8.46,8.46,8.46,8.46,8.46,8.46,8.46,8.46,8.46,8.46,8.46,8.46,8.46,8.46,8.46,8.46,8.46,8.46,8.46,8.46,8.46,8.46,8.46,8.46,8.46,8.46,8.46,8.46,8.46,8.46,8.46,8.46,7.33,7.33,7.33,7.33,7.33,7.33,7.33,7.33,7.33
"Chile",78.3,82.94,81.25,80.23,80.36,82.68,81.44,78.46,78.61,84.22,84.23,83.52,88.79,89.87,90.68,93.21,94.07,95.35,91.12,97.17,101.62,96.45,95.85,99.42,99.24,95.05,95,94.42,95.25,96.38,96.31,96.05,94.01,95.61,98.2,97.93,97.17,94.97,97.97,99.42,93.81,93.85,91.74,93.63,97.64,98.28,100.18,100.34,100.65,105.42,101.28,102.93,100.17,100.58,95.42,94.8,91.16,91.89,90.66,91.24,92.42,92.58,93.09,85.14,87.66,86.64,93.01,95.8,98.04,98.02,94.38,99.41,99.56,100.37,102.33,102.91,103.82,103.8,104.17,105.2,107.03,107.75,109.07,109.11,108.78,108.48,108.42,107.86,107.88,105.07,104.59,103.91,101.79,102.53,103.92,104.32,104.35,106.45,106.14,106.24,106.57,108.37,109.02,109.75,110.12,107.51,105.4
"China",717.71,736.64,746.91,749.39,763.56,779.77,809.9,824.09,821.64,828.8,842.47,822.89,791.11,795.5,787.29,790.2,786.14,823.23,885.67,886.56,897.68,926.62,910.6,902.56,877.54,885.89,896.94,907.8,886.94,888.03,896.63,891.76,865.03,881.3,892.1,894.95,895.47,911.47,930.1,925.12,924.43,917.1,914.36,900.15,901.95,917.79,945.05,951.76,965.66,995.35,990.93,990.99,985.64,1004.43,1004.78,1004.04,1002.65,982.03,1013.36,1030.24,1045.98,1086.99,1106.76,1115.46,1122.26,1126.2,1154.26,1175.54,1164.64,1155.72,1157.31,1160.16,1168,1171.5,1178.07,1180.59,1188.66,1193.18,1191.26,1193.79,1192.82,1187.09,1184.48,1187.62,1189.51,1210.86,1220.53,1227.94,1226.03,1240.12,1258.41,1252.83,1259.99,1281.66,1277.55,1291.55,1286.51,1295.8,1292.91,1300.97,1307.3,1313.33,1307.47,1317.02,1324.59,1324.5,1318.79
"China, Hong Kong SAR",555.34,558.63,557.86,556.21,552.57,563.49,579.84,587.82,580.93,574.73,571.64,555.45,539.69,523.76,509.78,518.17,505.11,536.34,579.52,572.27,577.35,581.71,570.52,557.84,536.51,521.04,528.62,536.01,523.12,533.27,531.77,520.21,505.23,499.71,484.41,483.99,488.03,492.48,489.53,484.97,477.72,471.18,477.12,465.98,467.65,461.36,461.12,469.3,473.64,483.4,462.23,458.38,447,451.53,443.08,435.99,437.18,416.67,428.7,435.83,438.58,441.82,436.22,414.08,415.34,406.92,403.49,400.87,399.36,403.8,402.43,404.43,406.34,405.79,400.51,398.94,394.73,391.41,387.75,390.66,390.06,389.58,387.48,385.14,376.32,372.6,374.48,374.88,374.09,372.98,376.22,374.37,378.6,352.96,351.52,356.71,352.71,348.15,346.53,341.4,340.47,338.15,338.61,335.44,338.51,339.27,337.08
"China, Taiwan Province of",358.62,359.38,349.64,344.31,345.52,332.42,332.49,330.94,331.44,340.2,343.93,338.37,336.41,320.88,328.96,325.49,323.48,331.5,339.68,339.91,331.41,343.9,335.14,328.11,328.2,322.49,323.44,323.21,319.24,325.86,322.95,326.12,314.34,327.65,330.2,329.22,332.2,349.79,353.95,355.9,349.73,344.64,343.79,333.68,335.35,337.15,337.63,344.97,347.46,343.8,350.57,345.05,355.96,368.31,367.28,368.61,354.64,348.18,352.72,352.59,359.14,356.6,355.48,349.11,346.69,345.66,344.46,341.69,344.76,342.33,343.51,346.57,348.43,347.64,347.06,345.19,343.79,342.76,340.98,338.4,342.68,344.56,341.31,340.16,340.48,340.25,337.99,337.56,333.47,332.1,338.43,335.32,335.37,328.58,333.95,334.18,326.52,331.04,331.14,335.17,334.7,330.48,330.54,331.95,329.2,329.06,329.93
"Christmas Island",,,,,,,,,,,,,,,,,,,,,,,,,,,,,,,,,,,,4.81,4.81,,,,,,4.34,4.34,4.34,4.34,4.34,4.34,4.34,4.34,4.34,4.34,4.34,4.34,4.34,4.34,4.34,4.34,4.34,4.34,4.34,4.34,4.34,5.24,5.24,5.24,5.24,5.24,5.24,5.24,5.24,5.24,5.24,5.24,5.24,5.24,5.24,5.24,5.24,5.24,5.24,5.24,5.23,5.23,5.23,5.23,5.23,5.23,5.23,5.23,5.23,5.23,5.23,5.23,5.23,5.23,5.23,5.23,5.23,5.23,5.23,5.23,5.23,5.23,5.23,5.23,5.23
"Cocos (Keeling) Islands",3.48,3.48,3.48,3.48,3.48,3.48,3.48,,,,,,,,,,,,,,,,,,,,,,,,,,,,,,,,,,,,,,,,,,,,,,,,,,,,,,,,,,,,,,,,,,,,,,,,,,,,,,,,,,,,,,,,,,,,,,,,,,,,
"Colombia",130.91,138.21,132.88,127.53,118.59,126.42,131.09,138.62,148.02,145.88,145.44,146.95,153.15,159.55,157.08,148.21,147.56,147,157.93,161.24,162.25,160.7,160.9,155.39,158.14,155.94,153.44,158.9,162.19,161.69,166.64,163.04,157.78,168.07,167.43,168.66,176.36,177.65,186.01,196.44,196.66,201.63,194.57,183.62,182.42,178.19,179.37,179.6,180.71,178.93,169.91,166.85,165.8,166.82,173.54,175.33,173.39,178.17,178.11,181.27,181.87,178.72,179.17,174.47,174.16,172.35,173.46,176.31,183,184,182.06,182.97,183.08,179.86,182.01,181.9,179.98,184.33,183.86,187.21,184.17,188.75,189.57,189.62,191.69,192.66,194.83,195.63,195.92,196.09,194.05,192.42,192.16,196.74,201.32,204.6,204.7,209.51,207.34,205.12,204.28,204.25,207.96,212.57,209.03,210.38,209.22
"Comoros",13.19,12.04,12.86,13.24,13.25,13.25,12.99,12.99,5.42,5.42,5.42,5.42,12.43,13.63,17.73,15.27,11.97,15.26,19.7,22.05,21.13,20.67,20.67,20.67,20.67,20.87,20.87,20.69,20.02,18.25,18.28,18.46,18.46,18.46,20.38,20.28,20.28,20.28,20.28,20.39,20.39,20.18,20.18,18.32,14.71,14.72,14.7,15.47,15.47,15.5,15.5,16.07,18.73,18.86,18.86,18.86,20.55,19.74,16.64,15.98,15.98,15.98,13.97,13.96,11.36,11.06,11.06,12.22,12.22,12.39,15.03,15.71,15.71,15.71,15.71,14.3,14.3,16.52,16.52,16.52,16.52,16.52,16.52,16.52,17.36,17.36,17.36,15.77,15.77,15.77,15.77,15.77,15.77,15.67,15.67,15.67,15.67,15.67,15.67,15.67,15.67,15.67,15.67,15.67,15.67,15.67,15.67
"Congo",49.7,52.53,51.79,52.62,49.57,52.21,52.67,56.19,59.54,62.06,61.51,62.03,59.56,59.96,54.52,54.38,45.23,47.31,48.17,49.97,52.53,59.19,58.24,57.06,57.06,59.22,67.05,62.54,63.67,64.35,69.69,68.92,72,71.69,71.1,67,67.53,65.46,66.32,62.29,69.84,74.15,72.27,73.51,78.08,77.47,76.84,73.84,70.89,68.26,67.43,64.47,62.76,70.45,70.54,72.41,73.84,74.67,76.45,68.4,65.27,61.9,62.04,62.03,58.55,57.85,57.76,60.9,80.96,81.3,82.49,82.54,82.58,82.51,84.42,83.62,84.68,86.42,86.36,85.76,86.51,87.78,88.56,87.39,90.35,90.15,86.34,84.34,87.25,85.45,85.82,85.74,90.39,90.92,106.93,85.13,85.09,85.08,81.79,82.14,87.32,87.41,88.38,88.34,87.61,88.72,88.7
"Cook Islands",3.27,3.27,3.27,3.27,3.27,3.27,3.27,,,5.68,5.68,3.96,3.96,3.96,6.66,6.66,6.66,6.66,6.76,6.76,6.76,6.76,6.76,6.76,6.76,6.76,6.76,12.46,9.56,8.88,10.69,10.69,10.69,10.69,10.69,10.69,10.69,10.69,10.69,10.69,10.69,7.5,7.72,7.72,7.73,7.73,7.73,7.73,7.73,7.64,7.73,7.73,7.73,7.73,7.73,7.73,9.67,9.67,9.67,9.32,9.32,9.32,9.32,9.32,9.32,9.32,9.32,9.32,8.21,8.21,8.21,8.21,8.21,8.21,8.21,8.21,8.21,8.21,8.21,8.21,8.21,8.21,8.24,8.24,8.24,8.24,8.24,8.24,8.24,8.24,8.24,8.24,8.24,8.24,8.24,8.24,8.24,8.24,8.24,8.24,8.24,8.24,8.24,8.24,8.24,8.24,8.24
"Costa Rica",80.77,83.27,83.41,85.2,86.78,86.1,86.96,84.27,86.66,87.37,84.12,88.83,94.77,97.4,92.48,89.85,92.69,96.58,100.97,98.6,102.29,92.82,90.28,90.38,98.49,95.24,94.73,95.31,94.19,93.94,96.37,95.66,94.72,97.05,103.01,100.78,91.41,89.13,91.12,91.21,89.76,87.91,93.82,90.13,84.98,86,88.13,89.5,85.72,83.46,83.67,83.66,81.79,81.83,91.81,91.53,90.39,90.41,94.9,93.33,93.11,93.23,88.72,87.34,86.07,94.44,89.48,89.43,87.49,94.37,90.19,90.62,93.35,97.26,97.41,98.68,98.55,95.62,98.19,93.53,92.89,89.45,88.84,100.75,100.34,109.59,98.44,96.18,97.68,97.17,97.14,93.34,95.87,93.79,93.31,96.39,95.06,92.31,92.29,91.09,91.06,89.17,89.4,87.98,84.47,85.72,85.84
"Cote d'Ivoire",77.3,78.86,81.98,82.48,77.08,72.48,71.24,75.49,81.18,85.9,91.35,89.53,92.37,94.29,87.68,87,86.99,92.04,96.15,91.35,93.66,87.14,82.77,85.45,71.84,75.04,79.94,81.99,85.9,89.11,87.02,88.94,88.64,92.43,90.34,91.68,91.86,95.43,95.32,87.01,83.37,82.51,80.28,79.57,76.88,71.2,69.52,66.69,66.27,63.52,66.15,67.93,63.75,63.76,64.61,70.05,69.2,67.76,71.88,71.21,71.04,70.9,69.46,66.68,69.07,68.41,66.74,90.82,91.52,91.82,92.45,90.06,96.1,95.24,98.52,98.48,98.01,98.11,98.01,96.44,96.79,96.64,101.28,106.45,101.5,98.04,95.16,98.69,99.26,98.65,101.27,101.17,108.31,113.43,126.34,128.09,132.02,132.14,134.28,132.34,129.31,132.65,137.36,137.26,139.96,138.61,139.34
"Croatia",31.47,33.71,34.16,33.41,39.2,38.58,37.52,40.52,41.87,38.12,41.85,46.43,38.72,25.62,24.51,41.39,47.28,42.72,48.4,53.15,51.48,51.25,45.6,45.57,46.51,52.58,48.74,47.17,45.06,45.51,45.11,49.45,49.97,52.97,53.01,45.94,52.4,53.85,53.34,60.71,60.86,60.89,57.11,63.52,63.52,67.37,64.08,63.44,63.59,61.32,56.41,56.43,56.41,60.42,62.08,62.1,60.96,59.75,64.68,60.96,60.83,60.84,60.94,61.06,61.08,62.24,64.15,64.26,61.34,60.36,61.34,61.45,61.45,62.01,61.21,61.12,59.89,59.96,61.12,61.17,59.9,61.56,61.59,61.44,60.8,59.81,59.85,61.82,59.79,61.19,61.19,61.19,63.14,58.51,59.1,59.26,60.97,61.14,60.98,61.03,62.68,61.81,63.86,63.88,63.9,62.81,62.86
"Cuba",32.86,32.35,31.87,31.94,31.95,31.87,35.03,34.68,34.63,28.81,28.08,32.05,32.98,30.04,29.87,28.06,27.57,26.51,30.22,30.23,31.06,27.25,33.7,33.7,34.11,34.14,35.81,33.83,31.91,31.92,33.16,33.17,33.65,31.86,32.43,32.36,34.09,30.31,30.31,32.7,32.73,39.35,37.6,39.99,37.11,34.15,34.15,33.99,36.08,30.19,30.52,31.21,31.27,30.85,30.08,23.93,23.83,25.69,25.53,25.54,25.54,23.93,24.67,24.67,24.57,26.03,27.93,26.59,26.38,25.15,26.77,26.82,26.93,27.14,26.93,26.93,26.93,24.4,25.06,25.11,25.11,25.11,25.12,25.12,25.12,25.12,25.12,25.13,25.13,25.32,25.32,25.32,25.32,25.32,25.23,25.23,25.23,25.29,29.77,29.77,28.42,28.42,27.58,27.51,26.04,26.66,26.66
"Curacao",,,,,,,,,,,,,,,,,,,,,31.5,30.77,30.78,36.32,34.97,35.35,36.48,37.64,36.49,35.44,35.42,35.44,33.17,31.07,35.08,36.16,35.49,35.52,36.58,38.79,38.82,38.03,36.13,32.69,23.63,23.63,24.31,30.65,30.66,32.55,32.49,31.81,32.11,34.93,35.19,26.1,28.98,28.97,28.84,31.5,31.5,31.11,26.54,22.41,29.39,29.39,29.05,27.1,28.55,26.39,26.39,26.39,26.39,25.21,25.22,25.22,25.22,25.22,26.8,26.8,28.61,24.03,26.27,26.27,29.8,29.8,29.78,28.98,28.98,28.99,28.99,26,26.02,26.02,26.02,26.02,26.02,25.61,25.61,25.61,25.61,25.61,25.61,25.61,25.61,25.61,25.61
"Cyprus",57.53,56.05,58.07,58.65,60.94,58.43,57.75,67.19,67.07,62.83,57.89,54.74,58.8,57.8,66.16,64.97,61.8,64.44,66.17,67.5,64.43,64.32,61.7,57.35,63.57,68.43,66.34,64.89,60.65,61,58.48,53.32,50.95,47.89,49.75,49.29,49.56,48.53,48.04,48.97,57.05,55.61,52.58,51.97,52.58,43.97,48.04,48.13,47.88,50.79,50.79,52.01,55.78,54.67,54.68,57.98,56.63,56.64,53.92,52.76,52.98,48.26,47.15,51.11,46.09,39.25,42.16,42.52,46.57,46.59,57.83,55.49,55.49,55.52,53.37,53.37,54.55,44.99,46.16,49.48,49.48,48.37,49.76,49.77,49.69,49.69,51.71,50.97,48.17,48.16,48.15,47.04,47.67,48.88,49.97,50.02,48.91,48.93,48.91,48.44,49.97,50.1,49.33,66.19,67.86,64.5,64.51
"Dem. People's Rep. of Korea",2.99,2.99,2.99,2.99,2.92,2.92,2.92,5.34,3.35,3.35,3.35,3.35,3.35,3.35,3.35,3.35,3.35,3.35,3.35,3.35,3.35,3.35,3.35,3.35,3.35,3.35,3.35,3.35,,,,,,,,,,,,,,,,,,,,,,,,,,,,,,,,,,,,,,,,,,,,,,,,,,,,,,,,,,,,,,,,,,,,,,,,,,,,,,,
"Dem. Rep. of the Congo",21.55,21.56,18.95,18.95,17.88,18.03,17.88,17.82,17.1,20.6,21.88,21.88,18.39,18.97,16.35,16.35,23.28,23.96,24.01,24.61,24.71,24.87,25.23,25.15,23.91,33.88,31.98,30.75,35.04,34.27,34.56,35.63,35.66,34.94,31.3,23.74,24.45,21.59,24.95,16.92,25.91,23.81,24.39,24.58,24.57,23.78,24.57,22.02,17.27,27.88,26.75,23.7,23.7,21.48,24.61,24.61,22.15,22.15,22.15,22.15,19.55,19.66,20.37,20.57,17.96,17.92,18.37,21.11,21.69,21.69,23.98,23.98,23.98,23.98,24.08,24.08,24.08,24.08,24.08,24.08,24.08,24.82,26.14,22.53,23.99,23.99,23.99,22.18,22.1,21.2,21.2,21.2,23.14,23.14,23.13,23.13,23.13,23.13,20.44,20.44,22.94,22.94,22.94,22.94,22.94,25.18,25.18
"Denmark",68.74,72,74.17,85.81,83.25,74.26,70.77,79.27,79.39,81.19,84.44,89.89,88.56,81.29,79.96,81.57,81.17,82.27,78.4,81.26,88.12,96.16,99.39,95.77,100.34,89.97,92.03,97.52,100.91,99.88,103,102.21,99.61,105.21,102.63,97.3,99.52,95.06,95.08,97.46,101.16,98.2,98.61,95.87,95.05,95.12,96.65,101.13,102.24,104.75,97.43,100.91,103.13,107.23,106.96,105.59,97.67,94.47,95.51,95.79,96.81,93.03,89.15,91.21,89.96,90.29,88.28,87.92,89.64,88.57,87.42,87.39,85.63,85.65,85.77,85.77,85.75,86.44,88.88,88.94,88.9,87.9,89.22,88.4,89.33,89.31,89.31,88.05,84.7,84.71,82.46,82.32,84.7,77.72,80.41,80.5,89.81,80.39,82.68,88.32,94.29,93.13,93.79,94.89,93.81,92.94,92.99
"Djibouti",50.94,50.47,52.23,61.93,61.5,63.66,65.19,62.98,61.24,48.97,48.49,44.11,69.33,72.69,72.45,63.07,57.51,56.83,58.96,56.89,57.22,54.8,53.68,52.64,51.61,50.5,52.71,53.81,53.9,56.65,59.3,60.17,67.33,65.74,69.63,68.21,71.86,69.51,72.87,73.91,84.77,85.82,88.57,85.19,84.69,76.77,79.52,82,88.35,89.54,84.62,82.28,77.08,72.25,76.14,75.04,73.96,76.35,74.33,73.52,74.52,73.2,77.09,71.32,76.17,71.59,73.34,70.93,78.5,76.06,73.39,80.78,76.67,76.81,78.98,80,82.18,81.97,87.79,89.95,92.67,64.79,62.17,65,65.61,66.42,66.41,69.57,68.56,67.62,68.98,70.48,71.12,83.12,85.79,84.67,80.13,71.98,66.82,70.47,76.36,75,77.9,78.81,81.16,81.93,82.03
"Dominica",23.75,22.39,22.39,22.39,22.39,22.38,22.38,17.14,17.1,17.1,17.1,17.1,17.1,17.48,17.48,17.48,17.08,17.08,17.08,21.33,19.98,19.98,19.98,19.98,19.97,19.97,19.97,19.97,21.22,19.01,21.5,21.5,21.5,21.51,21.51,19.3,19.3,22.94,19.3,19.3,24.57,22.53,18.22,18.18,18.22,18.22,18.22,18.22,18.22,28.74,22.45,22.45,21.77,25.28,25.37,25.37,25.37,25.37,25.37,25.37,25.37,25.37,25.37,23.34,24.02,24.03,24.02,24.03,24.06,24.1,24.1,24.1,24.1,24.1,24.09,24.09,24.09,24.09,24.09,24.09,24.09,24.44,24.46,24.47,24.47,24.47,24.47,24.47,24.47,24.47,24.47,24.47,24.47,24.47,24.47,24.47,24.47,24.47,24.47,24.47,24.47,24.47,24.47,24.47,24.46,24.47,24.47
"Dominican Republic",107.54,106.02,104.65,112.25,108.63,112.57,123.24,119.03,121.68,120.26,112.97,114.63,115.99,112.39,111.52,112.86,111.41,113.07,111.05,113.78,116.11,113.56,117.09,114.82,116.63,113.89,115.75,119.22,116.83,115.2,117.89,119.72,118.33,116.97,117.32,113.77,113.65,114.91,109.28,109.7,122.09,123.93,128.49,129.51,129.39,125.93,135.4,136.95,141.91,136,127.76,132.01,131.54,130.03,133.06,130.78,129.15,126.92,120.9,124.74,124.8,124.35,128.7,121.44,122.07,129.67,128.86,125.95,122.84,127.98,130.19,130.78,126.63,125.03,124.67,123.95,128.83,129.02,130.11,128.98,129.81,130.02,126.61,126.77,126.68,126.28,129.16,130.63,130.58,121.42,120.94,117.86,119.51,130.74,127.73,127.97,128.61,122.26,127.24,126.96,126.94,125.01,128.78,129.06,129.12,131.77,131.57
"Ecuador",68.94,68.69,75.02,73.91,78.54,74.14,71.16,68.19,66.66,70.34,72.72,76.9,76.13,79.29,84.69,84.85,88.31,86.55,93.5,103.13,104.07,105.38,101.24,98.45,91.45,84.6,83.41,80.26,87.97,90,91.7,89.51,86.99,92.33,86.17,87.79,87.93,90.5,98.78,100.86,103.01,106.28,103.91,100.45,102.69,98.43,101.01,101.41,101.51,94.95,84.54,92.84,103.69,104.51,103.36,102.21,111.92,113.66,111.63,106.89,105.91,107.09,106.72,100.57,103.91,105.71,107.62,110.1,109.6,106.51,105.54,109.51,109.74,113.29,112.07,113.71,113.68,115.54,115.6,117.24,117.34,118.93,118.42,118.49,116.7,115.73,119.44,114.56,113.58,114.21,111.7,110.84,111.77,109.6,109.87,110.15,110.21,111.69,111.78,110.89,109.82,109.72,107.07,108.61,105.46,110.24,111.35
"Egypt",221.11,226.92,232.02,229.91,223.78,216.53,224.28,230.7,239.33,237.95,238.31,236.37,236.91,224.09,220.98,220.46,219,229.98,229.03,225.75,234.5,231.67,231.3,218.32,209.39,198.88,209.41,221.28,216.92,223.7,231.76,234.66,236.74,243.76,247.39,245.01,251.86,247.79,245.48,236.97,250.63,247.44,240.04,230.2,228.82,214.03,209.63,216.13,223.87,224.35,221.95,203.15,219.55,221.8,212.09,217.79,213.25,214.22,212.76,217.55,215.19,207.82,205.29,206.05,209.36,213.18,220.35,221.84,222.49,222.9,239.73,245.35,246.09,243.79,249.69,254.78,256.94,265.01,265.54,261.56,262.65,235.94,233.81,240.04,244.64,242.72,245.04,238.12,237.36,235.46,252.53,256.86,260.46,252.77,255.24,255.16,270.94,269.81,272.48,288.12,284.31,289.92,289.53,286.91,288.64,284.33,285.85
"El Salvador",25.1,27.04,26,26.03,25.99,26.02,27.16,27.16,27.29,27.38,27.49,26.69,28.02,24.36,23.77,25.75,24.29,24.33,24.8,24.68,30.5,19.35,21.37,27.35,21.96,24.17,21.55,25.11,26.77,26.74,26.77,22.58,29.56,29.56,30.25,30.26,30.43,26.91,26.91,26.91,27.11,28.47,28.47,29.58,30.27,30.27,33.83,33.83,33.83,33.83,32.01,32.01,33.72,32.59,32.59,32.59,25.32,25.32,26.53,25.17,25.18,25.18,24.61,21.55,23.13,23.14,22.2,22.2,22.19,22.21,22.21,22.22,21.98,21.94,22.15,22.12,21.05,22.41,22.41,22.41,25.1,26.05,26.06,26.06,24.5,24.85,24.85,22.36,22.38,22.43,22.43,22.96,25.38,25.38,25.44,25.46,23.72,23.72,23.83,24.24,24.24,24.24,25.02,25.02,25.02,25.03,25.03
"Equatorial Guinea",23.32,24.64,22.26,22.12,22.63,22.72,20.01,22.28,22.29,20.8,20.79,20.79,20.8,20.8,22.86,24.73,27.5,27.48,28.31,30.31,31.09,31.15,31.15,31.61,31.63,31.75,32.75,35.37,37.94,32.04,32.75,32.75,32.64,31.94,31.56,35,35.64,35.41,34.99,25.46,21.57,20.76,33.19,32.51,32.53,32.54,32.44,32.74,32.73,32.97,35.08,34.98,34.98,34.98,35.02,35.77,35.76,35.86,35.53,35.53,35.53,35.92,36.87,36.91,36.18,34.4,35.62,35.63,34.63,34.63,34.63,33.95,33.95,33.95,33.95,33.99,33.99,33.99,33.99,33.99,33.99,33.99,34.02,34.04,34.04,34.04,34.04,34.03,34.02,33.35,33.35,33.36,33.36,33,33.66,33.66,33.66,33.66,33.66,33.66,33.66,33.66,33.66,33.66,33.66,32.99,32.99
"Eritrea",13.25,10.68,13.11,13.29,13.09,10,15.63,10.93,6.19,6.19,6.19,6.19,6.19,8.76,,,,,,,,,,,9.31,9.31,9.31,9.31,,,,,,,5.49,5.49,5.49,5.49,5.49,5.49,5.49,5.49,5.49,5.49,5.49,5.49,5.49,5.49,5.49,9.69,8.54,9.41,9.41,9.41,9.41,9.41,9.64,9.64,9.62,9.62,12.21,6.41,6.41,6.41,6.41,6.41,6.41,6.41,6.41,6.41,6.41,6.41,6.41,6.41,6.41,9.1,9.1,9.1,9.1,9.1,7.59,7.59,7.59,7.62,7.62,6.48,6.48,6.48,6.48,6.48,6.48,6.48,6.48,6.48,6.48,6.48,6.48,6.48,5.55,5.55,5.55,5.55,5.55,5.55,5.55,5.55,5.55
"Estonia",32.62,30.39,35.06,27.58,29.63,25.82,28.18,28.18,27.28,27.09,35.61,39.94,48.9,50,47.78,43.74,49.88,39.43,42.11,32.04,35.74,29.66,30.98,33.11,31.72,35.93,40.09,44.2,37.19,37.15,34.94,38.06,38.83,46.18,43.64,42.93,35.06,37.28,36.11,38.82,33.51,34.78,36.95,34.84,37.08,38.22,34.46,33.71,34.86,36.23,39.25,38.14,36.76,38.75,35.19,36.63,35.44,30.29,29.25,31.61,31.59,37.62,38.83,35.29,34.13,32.02,32.02,32.02,32.02,35.33,37.13,37.13,37.32,37.23,37.23,37.4,37.26,37.26,27.9,27.9,27.88,27.88,27.89,27.49,29.75,29.75,30.94,30.97,30.97,31.06,31.01,31.01,33.33,33.33,33.33,33.33,32.19,32.19,32.19,32.17,30.69,29.2,29.83,28.67,28.67,27.42,27.42
"Falkland Islands (Malvinas)",,,,,,,,,,,,,,3.25,4.28,4.28,4.28,4.28,4.28,4.28,4.28,,,,,,,,,,,,,,,,,,,,,,,,,,,,,,,,,,,,,,,,,,,,,,,,,,,,,,,,,,,,,,,,,,,,,,,,,,,,,,,,,,,,,,
"Faroe Islands",11.59,11.59,11.59,12.26,12.26,12.26,12.26,12.26,11.59,13.35,13.35,14.44,14.31,14.36,14.36,14.36,14.36,13.35,13.35,15.45,15.45,14.44,14.44,14.44,14.44,14.44,14.44,14.44,14.44,12.68,14.43,14.43,14.45,14.44,13.77,13.75,13.75,13.75,13.75,13.76,13.76,13.76,13.76,13.76,13.76,14.85,14.85,14.9,14.9,14.9,16.44,16.45,16.17,14.62,15.3,14.89,13.72,11.48,11.48,17.05,17.04,17.02,17.02,17.02,19.85,19.85,19.85,19.85,19.85,19.85,19.85,19.85,19.85,19.85,19.85,19.85,19.85,19.85,19.85,19.85,18.81,19.85,19.85,19.85,19.85,19.85,19.85,19.85,19.85,19.85,19.85,19.85,19.85,21.02,21.59,21.59,21.59,20.59,20.59,20.59,20.59,20.59,20.59,20.59,20.59,20.58,20.58
"Fiji",35.12,41.56,46.69,47.84,46.32,46.38,52.84,45.72,43.79,45.35,54.9,56.02,54.68,49.49,46.79,46.79,46.79,46.17,42.52,43.17,43.19,47.35,48.6,48.39,44.31,40.23,44.59,47.7,49.19,50.53,53.49,54.58,53,50.32,48.35,45.59,40.58,39.9,39.2,38.56,39.87,38.52,40.88,40.91,41.02,43.67,43.06,42.91,42.91,43.59,42.11,37.5,37.5,37.5,37.56,37.48,37.59,37.68,37.92,35.79,35.79,38.78,38.7,38.71,39.09,40.7,38.64,40.61,37.91,37.91,42.95,40.23,41.08,41.08,41.08,41.26,41.26,41.26,41.08,41.68,41.68,41.68,42.36,42.36,41.62,41.95,41.95,41.95,42.08,42.08,42.08,42.08,42.08,42.08,42.08,42.16,42.16,42.16,42.16,42.17,42.17,42.17,42.16,41.51,41.51,41.41,41.41
"Finland",81.65,84.74,93.74,84.45,89.22,84,82.44,82.53,84.18,84.34,87.7,88.5,98.26,89.66,89.4,89.73,97.08,85.17,88.63,83.25,82.38,85.16,88.53,89,84.51,91.86,93.62,92.8,89.58,91.94,97.95,94.53,94.72,98.12,107.79,104.54,99.82,98.73,97.43,96.39,96.69,95.87,94.97,86.41,83.06,81.89,84.2,85.84,85.82,88.77,84.61,74.35,78.43,80.54,74.22,69.13,69.11,66.76,67.05,68.15,69.26,69.02,70.17,70.76,69.93,68.8,67.7,68.26,67.54,67.43,66.46,66.46,69.48,69.43,68.62,67.5,66.23,66.29,68.61,67.3,66.26,66.26,64.87,66.71,65.6,66.68,66.76,69.14,69.48,69.57,71.56,70.43,71.32,72.44,72.44,72.44,71.33,71.32,71.34,71.3,70.15,69.12,67.6,68.24,67.13,69.58,69.54
"France",298.78,296.4,295.91,298.74,304.16,297.79,302.8,309.5,314.38,308.68,293.86,288.38,278.22,283.49,277.87,280.85,278.96,280.87,285.47,285.98,284.28,282.01,274.83,265.22,270.77,265.61,263.64,275.76,285.74,288.18,297.29,294.42,300.33,302.35,299.37,292.23,296.57,300.1,302.46,300.3,298.93,288.65,285.1,280.08,279.85,283.37,291.97,295.38,288.44,288.96,279.26,284.8,286.29,283.62,271.99,295.08,284.98,284.81,272.08,271.94,278.79,271.26,261.74,257.66,261.03,248.65,248.75,251.67,248.61,250.83,254.57,260.13,258.05,259.09,266.02,264.37,271,270.4,269.67,266.6,266.58,264.9,264.59,265.64,263.41,265.49,266.24,264.91,265.36,265.98,266.57,263.75,264.43,266.17,267.27,264.88,263.36,265.63,266.09,259.24,258.51,259.75,260.75,262.57,263.53,268.22,269.67
"French Guiana",21.67,21.67,21.67,20.81,20.81,22.38,22.4,16.76,16.8,16.08,16.09,16.11,16.11,15.43,15.43,15.43,15.43,15.43,15.43,15.43,15.43,15.43,15.44,15.44,15.44,15.44,17.94,15.5,15.51,15.51,15.61,15.51,15.5,15.51,15.51,15.51,15.51,15.51,15.51,16.35,16.82,16.82,16.78,16.77,16.77,16.77,16.77,18.12,18.12,17.42,17.44,17.44,17.44,17.44,16.09,16.09,16.7,16.52,16.53,16.53,16.53,16.53,16.53,16.53,16.53,16.52,16.52,16.56,16.58,16.58,16.58,16.58,16.58,16.58,16.13,16.13,16.13,15.45,15.45,15.45,16.81,16.81,16.81,19.53,19.53,19.53,19.53,19.53,19.53,19.53,19.53,19.53,19.53,19.53,19.53,19.53,19.53,19.53,19.53,19.53,19.53,19.53,19.53,19.53,15.46,15.46,15.46
"French Polynesia",38.78,39.45,41.72,41.05,43.87,43.81,48,47.74,45.8,47.95,44.92,44.98,44.06,44.06,38.38,38.38,38.38,37.08,37.12,37.12,36.44,37.32,36.67,38.59,38.88,37.08,37.75,38.32,39.67,33.15,32.71,35.44,32.46,30.38,28.78,28.78,28.78,28.81,28.82,37.12,38.93,38.94,37.79,38.96,39.81,39.83,40.73,38.29,37.61,38.89,38.86,35.58,35.92,36.6,45.31,41.51,39.69,40.24,40.94,40.26,40.27,41.37,43.76,40.75,39.6,40.56,31.38,39.85,39.85,39.85,39.85,39.85,39.76,39.76,39.7,39.71,40.36,40.36,40.36,40.36,40.36,40.36,40.52,40.52,41.2,41.2,41.2,41.2,41.16,41.16,39.81,39.81,40.49,39.73,39.05,39.72,39.72,39.72,39.71,39.03,39.03,39.03,39.03,39.02,39.02,43.01,43.06
"Gabon",37.6,36.64,34.8,35.55,38.15,38.67,34.51,38.18,38.27,39.03,46.19,45.95,42.9,43.58,39.4,41.27,41.95,41.05,40.6,36.9,32.93,34.75,41.11,42.09,39.67,47.52,45.86,46.53,46.02,48.08,42.66,42.69,43.63,39.51,39.65,34.35,34.7,35.36,36.26,36.11,37.42,38.78,40.38,42.9,42.93,43.63,43.56,41.18,38.9,41.81,43.6,40.93,41.68,43.47,39.05,39.03,38.91,35.24,35.23,35.23,32.93,34.24,35.07,34.93,33.14,35.12,34.48,35.16,35.2,35.78,35.78,35.79,35.77,35.77,35.87,35.92,35.9,35.9,35.33,35.33,35.31,35.31,35.31,35.39,34.25,34.22,34.22,34.21,34.2,33.5,33.51,33.52,33.52,34.28,31.26,31.26,31.26,31.26,32.3,32.3,32.31,32.31,32.31,32.31,32.31,32.31,32.31
"Gambia",10.82,14.4,13.9,12.76,13.03,13.03,18.16,18.58,19.93,19.93,18.05,19.9,19.9,21.37,20.53,21.79,21.86,22.44,22.44,20.42,22.69,21.65,19.4,20.67,21.92,31.28,29.5,35.94,36.77,31.41,28.69,29.43,29.68,29.68,32.19,27.37,27.58,30.36,30.38,27.77,25.92,26.29,26.3,22.7,21.42,18.67,20.79,20.84,20.79,25.27,23.41,16.61,16.25,16.25,17.45,15.51,15.5,15.03,14.87,14.83,15.47,14.93,13.32,15.14,12.53,13.51,14.17,14.51,14.5,14.29,14.22,12,12,12,12,12.19,12.19,12.19,12.19,12.19,12.19,12.2,12.22,18.79,12.23,12.23,12.23,14.87,14.87,12.85,12.37,12.37,18.39,14.94,14.94,14.93,14.93,14.92,14.92,14.11,14.12,15.45,15.46,15.48,15.47,15.46,15.86
"Georgia",21.36,20.07,20.3,19.65,16.56,17.15,16.37,17.63,22.46,23.09,24.68,23.12,20.73,18.06,18.14,18.13,24.61,22.17,24.97,22.62,24.26,23.58,21.81,24.1,24.09,24.94,24.98,19.76,19.32,19.07,22.29,21.68,21.53,20.85,20.85,21.06,20.85,19.74,19.3,19.24,18.57,17.33,18,16.53,19.85,20.23,20.72,20.75,21.1,22.72,23.77,21.88,21.6,23.56,22.4,22.29,22.31,19.37,18.44,19.12,19.6,19.6,17.83,17.73,17.73,17.02,22.77,20.32,24.68,26.78,28.87,29.73,29.93,29.95,29.99,29.99,29.99,26.79,26.79,26.83,27.23,25.24,25.19,25.74,29.12,29.06,28.37,28.37,28.37,28.37,28.37,29.55,29.42,29.42,28.28,28.28,27.85,28.21,31.39,29.76,29.76,28.36,28.36,27.2,26.01,28.39,29.55
"Germany",464.47,480.05,481.77,474.68,469.94,463.76,471.45,479.3,488.35,479.21,477.37,482.48,470.65,446.27,428.72,419.48,415.6,429.13,431.02,412.35,415.98,438.72,426.68,418.47,411.33,413.7,421.29,401.21,399.3,408.69,409.65,406.59,399.35,398.27,397.27,386.35,392.04,398.61,407.15,407.77,405.59,397.64,393.12,387.49,381.04,374.29,367.32,371.43,374.1,379.16,366.52,357.13,357.05,354.36,353.07,354.78,345.98,332.56,332.94,332.44,337.96,337.72,341.86,346.89,348.4,341.88,335.47,327.24,324.18,316.23,317.82,316.23,315.7,317.09,314.75,317.8,319.93,317.32,317.76,313.89,312.29,305.06,304.37,304.08,305.18,305.21,306.38,301.71,303.91,307.7,306.11,305.65,308.41,316.33,317.46,321.88,321.27,321.42,322.89,324.8,322.08,319.51,317.73,320.13,318.78,321.49,321.9
"Ghana",72.54,74.2,82.35,81.99,85.31,83.19,78.19,78.24,78.37,84.99,86.07,81.48,82.4,81.74,89.99,88.5,91.61,92.69,95.84,93.34,97.58,94.09,93.82,87.24,82.51,77.36,78.41,82.05,81.78,84.15,85.05,85.15,87.76,86.58,84.94,86.19,84.83,86.76,91.66,92.73,88.57,75.72,77.4,77.66,80.03,76.21,81.23,74.49,75.27,75.7,75.82,74.16,74.99,75.01,73.38,94.11,93.57,100.7,107.42,107.87,108.08,102.31,97.89,97.26,93.77,96.63,94.13,95.43,96.79,98.69,100.52,101.24,102.32,102.6,104.73,104.7,104.16,104.34,101.85,101.38,99.76,100.31,103.22,106.95,111.78,110.51,107.92,106.41,109.31,109,112.21,112.13,114.29,112.75,128.28,130.61,134.3,134.48,135.13,137.22,137.44,136.27,140.8,141.05,140.96,141.14,141.82
"Gibraltar",6.72,7.38,8.82,8.82,8.82,8.82,8.82,8.82,8.82,8.83,8.83,7,7,7,7,7,7,7,7,7,7,13.2,13.2,7.9,13.53,12.34,12.34,12.34,5.99,5.99,5.99,11.29,11.97,11.97,11.97,11.97,11.97,12.58,7.01,12.57,7.01,12.58,12.58,7.01,7.01,7.01,7.01,7.01,7.01,11.9,5.79,5.88,5.36,5.36,5.36,7.39,7.39,6.72,,7.39,7.39,6.72,6.7,6.72,7.72,7.72,7.72,7.72,,,,,,,,,,,,,,,,,,,,,,7.37,7.37,7.37,7.37,7.37,7.37,7.37,7.46,7.46,7.46,7.46,7.46,4.59,4.59,4.59,4.59,4.59,4.59
"Greece",129.25,134.29,133.9,134.94,109.83,109.84,125.31,130.96,125.92,121.91,110.27,97.92,99.76,113.5,106.12,113.53,110.95,109.16,106.24,106.78,106.53,111.68,109.35,110.96,109.29,117.11,119,125.69,127.67,129.2,136.64,139.93,149.28,147.22,148.16,144.92,142.66,143.78,132.49,131.03,135.64,137.49,135.21,139.51,142.06,149.01,177.29,171.11,184.92,177.61,174.68,176.67,176.22,183.03,184.55,184.69,181.58,179.81,182.35,186.28,183.9,185.54,189.76,186.48,176.76,179.38,182.27,185.85,185.39,187.83,185.01,189.2,191.1,192.93,195.58,198.12,201.72,200.58,202.2,201.31,200.56,194.39,174,174.57,175.93,175.37,173.94,177.44,173.98,176.66,180.74,183.25,185.44,188.9,186.36,185.03,181.91,182.1,179.4,176.35,172.96,174.71,172.72,176.4,174.25,172.58,170.38
"Greenland",4.49,4.49,4.49,4.49,,,,,,,,,,,,,,,,,,,,,,,,4.76,4.47,4.47,4.48,4.46,4.46,4.46,5.63,5.63,5.63,5.63,5.63,5.63,5.63,5.63,5.52,5.52,5.52,5.52,5.52,5.52,5.52,5.52,5.52,5.52,5.52,5.52,5.52,5.52,5.52,5.52,11.8,12.73,12.73,11.64,11.64,11.64,11.64,11.64,11.64,11.64,11.64,11.64,11.64,11.64,11.64,11.64,11.64,11.64,11.64,11.64,11.64,11.64,11.64,11.64,11.65,11.65,11.65,11.65,11.65,11.65,11.65,11.65,11.65,11.65,11.65,11.65,11.65,11.65,11.65,11.65,12.32,12.32,12.32,12.32,12.32,12.32,12.32,12.32,12.32
"Grenada",22.66,22.66,22.66,22.66,27.92,29.31,29.31,27.28,27.28,27.28,27.33,27.33,27.33,22.73,22.73,22.73,22.71,22.71,22.71,20.29,20.29,20.29,20.29,21.65,21.65,30.33,30.34,30.34,30.76,31.84,33.58,33.58,31.35,31.19,31.19,28.3,26.95,26.95,26.95,27.63,31.43,28.64,22.98,22.98,23.04,23.04,24.62,21.63,21.63,30.47,27.34,21.86,21.18,24.79,24.8,24.8,24.82,24.82,24.78,24.78,24.79,24.79,24.79,22.07,19.16,22.81,22.81,22.82,25.89,25.94,25.94,25.61,25.61,25.73,22.75,22.75,22.75,22.75,22.75,22.75,22.75,24.82,23.13,23.14,23.14,23.14,23.14,23.14,23.14,23.14,23.14,23.14,23.14,23.14,23.14,23.14,23.14,23.14,23.14,23.14,23.14,23.14,23.14,23.14,21.05,21.06,21.06
"Guadeloupe",37.75,38.14,36.4,35.11,35.11,34.67,34.68,32.85,32.88,32.84,32.19,32.2,32.2,37.1,36.92,36.92,36.94,36.94,37.09,36.75,36.8,36.8,36.79,39.23,40.34,39.33,43.24,38.26,38.16,37.69,42.56,42.56,42.54,41.19,41.19,40.43,39.75,42.25,42.72,41.25,41.31,45.21,45.45,45.48,45.53,45.46,46.14,46.1,43.26,45.26,43.92,43.31,43.26,48.98,52.09,48.15,48.91,53.8,51.32,53.96,52.09,52.1,51.41,42.72,40.71,40.72,39.37,39.41,42.16,40.46,40.46,40.4,40.4,40.4,39.66,39.66,39.66,37.9,40.87,40.94,40.33,40.33,40.88,40.9,40.9,40.9,40.88,40.88,44.39,44.39,44.39,44.39,44.4,44.4,44.4,41.63,41.63,45.34,45.34,45.34,45.34,48.11,48.14,45.36,43.19,43.54,43.54
"Guam",21.63,21.63,23.08,23.08,22.9,22.97,22.98,22.26,22.26,22.28,29.26,29.26,28.66,27.67,21.83,21.83,21.83,23.78,23.78,23.78,23.78,25.56,23.62,21.07,22.52,22.52,22.52,22.52,25.77,25.22,25.22,25.23,25.24,25.24,26.38,26.38,26.38,26.38,25.7,25.68,27.64,28.32,28.32,28.32,26.78,26.78,26.78,22.18,22.17,22.17,22.17,22.3,22.3,22.3,22.1,23.54,23.54,22.71,22.74,22.77,22.75,22.75,22.8,22.8,22.81,22.81,22.81,22.81,22.81,22.81,22.81,22.81,22.81,22.81,22.81,22.81,22.81,22.81,22.81,22.81,22.81,22.81,22.85,22.85,22.85,22.85,22.85,22.85,22.85,22.85,22.85,22.85,22.84,22.84,22.84,22.84,22.84,22.84,22.84,22.84,22.84,22.84,22.84,22.84,22.84,22.84,22.84
"Guatemala",91.65,95,92.74,88.41,84.32,86.27,92.38,92.12,83.06,78.64,82.63,83.79,84.04,87.85,94.54,91.49,94.94,93.7,84.23,82.05,80.99,84.74,84.45,77.78,76.63,73.11,73.77,78.05,76.82,84.29,87.93,86.56,83.36,89.39,87.61,89.55,93.64,85.83,85.89,85.9,92.53,95.77,100.95,97.46,99.17,94.94,94.76,96.15,96.03,100.72,100.53,100.54,100.23,97.66,96.34,98.1,95.34,95.52,101.65,104.37,101.27,113.79,107.78,106.16,108.74,103.5,101.03,103.24,103.31,102.25,104.06,105.85,105.62,105.61,105.93,105.97,106.12,106.35,106.5,108.59,108.64,109.59,109.89,109.73,105.58,105.69,105.67,105.7,105.69,105.7,108.22,107.92,109.31,109.26,109.37,109.58,107.59,106.55,106.45,106.79,105.69,107.51,107.69,107.7,109.31,109.22,109.21
"Guernsey",4.76,4.76,4.76,4.76,4.76,4.76,4.76,4.76,4.76,4.76,4.76,4.76,4.76,4.76,4.86,4.86,4.86,4.86,4.86,7.07,7.07,7.07,7.07,7.07,7.07,7.07,5.34,5.34,8.16,5.49,5.49,,,,4.74,,,,,,,,,,,,,,,,,,,,,,,,,,,,,4.96,4.96,4.96,4.96,9.73,4.96,4.96,4.96,4.96,4.96,4.96,4.96,4.96,4.96,4.96,4.96,4.96,4.96,4.96,4.96,4.96,4.96,4.96,,,,,,,,,,,,,,,,,,,,,
"Guinea",34.97,38.39,37.12,38.56,33.18,29.76,29.93,31.4,36.77,40.17,43.84,40.28,40.32,41,35.94,35.94,36.69,30.13,33.21,31.93,36.39,36.42,34.53,31.48,26.67,35.25,34.99,35.75,36.02,35.02,37.57,38.15,36.64,36.59,33.74,24.12,21.84,30.38,34.67,36.16,39.87,38.27,38.28,38.24,36.01,38.34,35.09,39.69,32.91,31.58,37.23,33.78,33.97,33.99,33.61,35.22,31.57,25.35,25.14,22.52,20.4,22,21.91,23.46,24.13,23.42,23.46,23.44,23.42,23.45,26.04,26.06,28.79,28.59,28.59,28.86,28.91,29.29,29.29,29.38,29.38,29.36,28.74,32.16,31.12,31.07,28.43,26.35,23.28,22.63,22.63,22.63,32.41,29.09,29.09,29.29,29.29,31.11,31.13,31.11,32.7,32.73,32.76,31.02,18.33,20.84,29.48
"Guinea-Bissau",10.25,15.05,14.9,14.9,14.9,14.99,16.62,16.62,13.66,13.66,13.61,13.61,13.36,13.34,18.37,18.26,18.26,13.55,13.55,13.55,14.18,19.45,14.59,14.61,14.61,14.16,14.84,14.84,14.76,10.21,10.21,10.21,10.21,14.22,14.22,10.55,9.4,9.4,9.74,12.2,12.19,9.44,13.35,11.4,10.06,18.33,16.72,10.19,12.75,13.78,18.09,10.88,10.88,10.01,14.22,10.01,10.81,10.81,17.43,9.76,9.76,9.76,13.39,13.39,9.76,9.76,13.29,16.5,16.52,16.54,16.64,16.64,16.64,16.64,17.48,17.48,17.48,16.54,16.54,15.87,15.87,15.96,15.98,15.98,15.98,15.98,15.98,15.61,15.61,16.56,16.08,16.08,16.15,16.15,16.15,16.15,16.15,16.13,16.13,17.64,17.64,16.64,16.68,16.68,16.67,13.38,13.78
"Guyana",33.37,33.37,35.98,32.33,32.29,33.21,33.24,36.83,39.52,39.44,37.67,37.69,37.69,39.03,39.03,39.03,45.71,45.03,42.79,41.17,45.59,44.21,38.37,37.26,38.29,37.75,37.14,37.81,38.83,38.81,41.69,41.69,37.75,39.54,39.54,42.31,41.64,41.64,41.65,41.63,39.62,45.16,42.89,43.84,39.15,42.77,45.79,46.94,42.18,42.16,42.24,42.24,37.25,37.25,37.24,38.86,36.5,34.2,36.79,35.43,35.44,35.44,38.98,40.54,32.43,32.38,33.74,33.77,33.79,34.8,34.8,34.8,35.21,35.21,32.04,31.03,31.03,34.75,37.67,37.67,33.98,36.38,38.85,38.85,38.64,38.64,38.64,38.64,38.64,38.65,38.65,39.44,39.44,42.93,42.72,43.6,43.6,43.7,43.7,43.7,43.7,43.7,43.7,43.73,46.14,44.34,44.34
"Haiti",18.43,20.75,24.98,24.98,24.11,16.16,14.37,17.84,19.9,21.11,18.23,27.57,27.57,29.79,30.03,30.03,26.86,23.39,21.06,29.43,38.57,34.7,34.7,32.38,33.75,38.29,38.29,38.29,44.98,41.43,42.58,42.58,43.2,44.35,44.31,44.22,39.78,41.9,41.94,44.62,43,44.08,48.94,46.42,42.55,40.19,28.89,31.11,34.26,36.74,41.97,41.97,41.69,41.95,43.06,37.31,37.3,38.72,38.7,33.75,36.03,36.04,37.47,31.81,31.75,32.36,32.37,30.18,30.18,30.18,33.14,33.16,33.16,33.16,31.42,31.42,31.42,31.42,31.46,31.46,31.46,31.46,31.4,31.42,32.75,32.75,32.75,32.49,32.49,34.38,34.38,32.37,32.38,32.38,32.47,32.38,32.39,25.68,25.68,23.67,23.67,23.67,23.67,23.67,23.67,26.39,26.39
"Honduras",59.2,60.87,63.58,63.5,61.56,61.68,67.65,67.51,56.94,52.84,51.69,51.43,57.65,63.27,67.48,65.27,67.93,65.78,63.82,59.98,59.15,58.1,57.77,61.73,61.03,61.95,62.87,65.33,67.31,67.56,69.02,70.04,67.02,70.6,69.28,69.33,66.88,64.12,63.93,63.92,65.5,67.69,73.45,69.27,70.38,69.85,65.08,66.46,61.94,60.07,61.92,56.34,59.85,58.72,55.63,53.27,48.15,56.64,50,53.58,53.55,53.68,52.97,52.44,53.65,57.72,57.8,59.71,59.7,60.08,60.11,62.68,62.45,62.45,62.55,62.55,62.58,65.25,65.37,67.36,67.36,68.27,68.5,68.68,62.02,61.99,61.92,60.76,60.41,60.46,60.46,60.48,61.28,61.21,61.25,63.45,61.46,60.27,60.33,58.72,58.75,59.92,59.96,59.91,61.42,63.67,63.66
"Iceland",18.63,18.65,18.65,19.33,19.33,19.33,19.34,19.36,18.68,20.44,19.41,18.32,18.19,18.25,18.25,16.5,16.5,15.33,15.33,16.33,16.33,15.33,14.82,15.49,15.49,15.95,15.95,16.76,16.76,16.72,18.47,17.7,17.72,17.41,19.24,19.25,19.25,18.06,18.06,18.06,19.6,19.6,17.87,17.09,17.09,18.65,21.56,21.61,21.79,21.79,21.8,21.82,21.53,21.07,21.09,21.24,21.24,20.02,23.44,23.63,23.69,23.69,23.69,23.69,25.83,25.83,25.83,25.83,25.83,25.83,25.83,25.83,25.83,26.94,26.94,26.94,26.94,26.94,26.94,26.94,26.94,27.98,27.98,27.98,27.98,27.98,27.98,27.98,27.98,27.98,27.98,27.98,27.98,29.14,28.1,28.1,28.1,28.7,28.72,28.72,28.72,28.72,28.72,28.72,28.72,27.62,27.62
"India",212.12,216.67,213.63,211.67,224.36,236.88,245.2,244.83,245.35,252.56,265.79,262.42,255.56,257.53,245.96,249.61,246.23,249.32,245.44,242.73,250.51,263.54,265.61,260.73,249.87,233.94,231.87,235.46,235.87,232.49,231.13,233.1,232.16,230.61,232.3,239.51,239.66,245.11,244.33,252.2,249.9,268.5,273.11,259.37,254.64,251.28,256.47,253.3,257.57,255.86,257.83,255.44,242.56,248.32,246.11,245.45,248.5,246.25,252.66,256.84,267.93,269.9,271.63,272.39,289.37,288.28,296.37,306.99,314.68,316.23,323.12,321.9,328.07,330.97,331.29,339.12,341.12,334.47,339.97,339.17,339.75,332.21,335.42,334.78,341.52,341.24,342.42,343.18,351.92,358.5,356.74,360.39,363.84,394.83,397.19,403.45,403.45,402.64,392.58,397.3,404.15,401.8,397.83,397.74,398.45,398.35,395.79
"Indonesia",215.8,224.7,217.47,223.33,224.74,224.24,222.61,237.51,240.14,242.71,241.92,238.87,239.29,238.69,231.69,230.62,235.48,232.62,238.57,243.87,240.16,237.66,237.4,233.73,221.89,217.76,217.63,219.94,228.3,231.7,230.19,230.84,226.09,223.1,218.57,228.93,232.64,232.85,237.45,225.84,222.61,215.64,221.89,211.19,206.87,220.84,231.3,237.16,233.36,238.46,232.48,224.51,228.03,224.59,221.84,225.16,228.78,204.75,198.53,200.68,196,198.65,195.41,196.96,199.65,205.28,221.11,242.19,252.11,254.01,256.73,234.02,229.06,239.19,233.69,224.97,220.69,222.34,224.6,228.24,228.9,230.68,227.41,228.85,225.41,230.43,229.19,229.1,222.69,228.55,231.14,235.37,237.52,242.29,243.27,239.24,236.2,237.72,237.68,238.48,239.4,239.75,247.46,249.43,250.41,253.49,257.55
"Iran (Islamic Republic of)",92.88,96.17,105.61,108.59,104.95,103.49,99.17,103.64,98.98,93.95,101.67,106.78,110.16,106.96,105.2,113.36,118.16,120.37,119.62,122.71,125.32,119.01,112.77,110.09,89.57,84.78,86.59,81.48,84.72,80.51,63.47,59.97,60.06,58.18,58.13,66.89,64.54,64.56,73.28,94.69,121.92,109.28,108.2,109.78,103.48,107.15,105.63,102.59,103.13,106.78,85.9,52.05,51.97,52.46,55.93,52.42,46.52,46.52,65.82,57.14,57.14,56.67,56.67,55.99,63.6,62.32,60.72,60.72,60.72,60.72,60.72,60.72,60.72,60.72,60.72,60.72,60.72,60.72,60.72,60.05,60.05,60.05,57.36,57.36,57.36,57.36,57.36,58.92,58.92,58.92,58.92,58.92,58.92,58.92,58.92,58.92,58.92,58.92,58.92,58.86,58.86,58.86,58.86,58.86,58.86,58.86,58.86
"Iraq",8.43,8.43,7.28,6.03,3.3,9.92,9.92,15.51,15.51,14.83,18.62,18.99,18.95,18.95,24.95,24.27,24.27,24.27,27.11,25.9,25.94,24.29,26.07,26.07,18.18,20.57,23.14,25.49,27.58,24.96,27.09,30.47,32.78,29.89,28.91,29.59,28.91,27.05,30.85,30.92,33.6,37.49,37.4,38.59,53.12,56.27,61.34,63.54,63.43,64.17,76.12,69.12,64.72,65.19,63.11,63.08,70.94,76.2,75.65,78.84,76.44,76.09,71.5,67.42,65.29,62.23,66.92,68.37,67.76,68.09,70.11,70.76,70.7,71.35,74.78,76.58,78.06,77.92,73.65,73.54,73.48,73.42,74.49,76.74,76.58,78.78,79.15,78.8,81.97,82.11,82.29,86.21,86.48,90.39,93.27,93.28,91.94,83.92,78.53,77.75,80.53,83.05,83.3,82.45,83.56,83.78,83.9
"Ireland",74.12,72.1,72.6,71.61,80.3,79.58,81.32,81.07,79.98,71.65,61.19,61.65,56.21,56.14,59.65,58.56,60.79,59.26,55.29,51.06,48.97,47.31,47.89,46.21,54.64,56.82,58.5,57.15,48.89,51.65,53.4,51,52.04,52.04,55.86,57.98,55.94,53.12,60.62,60.86,57.35,60.79,59.8,55.42,51.28,52.57,53.18,53.25,52.59,56.66,55.53,56.67,56.59,56.62,55.75,54.65,51.11,48.14,72.18,57.46,55.14,55.84,55.23,55.3,55.97,57.07,58.17,58.38,59.52,58.45,57.19,58.02,57.24,56.64,57.48,57,54.77,57.02,57.05,58.19,58.16,58.15,57.03,62.85,62.86,62.89,65.16,63.97,63.96,66.35,66.36,66.36,70.02,66.36,61.18,61.79,59.52,60.63,60.62,61.73,61.73,62.53,62.74,62.76,65.43,58.05,57.02
"Israel",101.59,102.15,103.66,103.84,103.33,105.93,105.4,96.97,96.81,97.08,95.3,98.15,101.01,103.05,100.97,101.06,102.06,103.97,101.61,104.29,105.63,104.66,93.67,88.49,97.34,98.75,106.83,110.99,112.08,115.08,109.2,104.33,104.19,103.47,105.36,106.88,105.59,108.7,103.22,109.8,112.85,110.59,108.41,114.07,114.04,118.09,111.43,110.25,115.25,113.81,111.06,111.41,110.92,114.61,109.8,116.16,111.28,119.56,118.08,118.18,119.61,120.78,117.55,118.5,122.19,124.64,129.13,132.32,128.37,128.32,131.64,136.82,133.71,132.11,150.79,150.93,157.28,137.25,135.15,135.78,116.6,91.37,94.08,95.29,89.44,81.43,78.75,79.37,78.19,79.4,80.04,80.12,84.98,84.99,87.97,87.94,93.16,92.22,91.23,87.74,89.33,92.66,124.94,124.84,126.2,125.15,124.87
"Italy",326.3,328.43,335.28,343.56,339.86,329.23,332.12,332.41,323.12,321.96,327.33,330.47,337.77,338.64,306,295.48,293.61,288.47,294.11,304.83,305.11,301.99,302.47,294.35,292.03,289.7,284.82,288.56,276.52,282.07,285.76,283.8,287.89,289.81,284.05,282.62,294.52,287.03,292.16,285.47,291.63,287.31,290.71,287.91,292.05,289.66,284.7,288.85,289.12,280.46,285.66,285,282.89,289.23,282.24,277.76,268.66,275.62,284.12,274.9,262.04,265,275.36,276.27,274.14,270.22,271.99,276.37,274.46,277.72,283.67,287.35,286.13,283.05,288.07,291.38,296.9,294.54,294.5,294.74,294.92,282.99,284.94,288.21,286.62,287.49,283.88,283.66,279.55,281.08,282.32,283.24,286.99,287.54,286.41,283.88,282.79,283.9,286.56,290.78,292.29,293.74,291.02,289.62,287.67,289.15,287.99
"Jamaica",117.21,122.32,112.13,103.05,97.06,95,90.02,88.23,82.88,82.65,82.05,88.28,89.21,94.05,89.98,90.45,90.57,95.77,94.94,93.73,90.57,94.33,96.36,91.93,92.94,97.67,95.4,106.87,105.33,100.41,101.6,103.24,103.57,103.35,99.79,96.35,104.17,107,95.98,96.85,95.7,97.87,102.98,106.74,101.87,100.12,98.66,104.18,96.48,99.61,99.39,99.46,100.02,103.8,95.37,95.89,102.82,104.78,104.77,108.09,112.75,114.03,111.55,107,103.75,109.4,109.51,111.98,111.28,118.07,118.73,124.16,122.64,123.11,121.88,120.74,122.78,118.57,118.68,117.68,121.28,122.34,123.15,124.22,124.07,127.2,127.35,127.27,126.99,125.56,124.92,123.1,123.22,120.97,118.35,117.4,114.2,114.13,114.15,115.47,115.42,116.42,117.78,117.81,118.99,121.4,120.86
"Japan",499.27,524.54,527.52,527.05,523.52,513.39,511.05,511.49,504.81,493.93,493.78,491.27,473.92,456.13,461.04,463.81,464.36,478.15,486.23,474.37,469.72,472.39,461.44,447.72,441.92,434.37,438.09,442.8,437.88,431.6,435.46,426.03,412.09,411.3,421.36,434.17,431.2,428.35,433.78,424.31,431.7,424.06,413.44,398.12,401.1,390.16,394.95,400.51,396.56,398.96,394.13,411.46,411.51,409.12,408.02,420.8,411.53,413.26,414.23,406.26,402.42,393.47,391.85,388.99,384.22,387.51,388.77,404.03,400.61,401.73,407.63,408.01,412.81,410.66,412.98,414.58,416.97,416.24,415.05,417.27,419,420.86,422.13,422.25,423.47,424.58,421.15,412.95,410.72,410.9,412.91,410.43,409.85,410.2,411.12,415.35,422.24,422.32,428.42,428.22,430.82,423.38,423.56,427.18,423.97,420.91,420.84
"Jersey",4.76,4.76,4.76,4.76,4.76,4.76,4.76,4.76,4.76,4.76,4.76,4.76,4.76,4.76,4.86,4.86,4.86,4.86,4.86,7.07,7.07,7.07,7.07,7.07,7.07,7.07,5.34,5.34,8.16,5.49,5.49,,,,4.74,,,,,,,,,,,,,,,,,,,,,,,,,,,,,4.96,4.96,4.96,4.96,9.73,4.96,4.96,4.96,4.96,4.96,4.96,4.96,4.96,4.96,4.96,4.96,4.96,4.96,4.96,4.96,4.96,4.96,4.96,,,,,,,,,,,,,,,,,,,,,
"Jordan",69.65,68.4,65.58,68.21,70.67,74.67,72.85,69.4,66.16,61,57.72,62.98,62.47,72.76,74.71,71.43,58.3,67.78,67.05,66.18,67.07,69.73,69.26,67.25,64.45,63.28,61.11,61.63,59.14,59.36,56.69,56.73,53.98,59.21,60.72,60.78,60.09,62.08,65.62,66.72,67.12,65.06,71.44,59.84,66.26,60.43,65.68,67.61,72.09,77.72,72.47,73.54,71.27,67.68,68.02,67.12,67.94,67.35,71.01,70.85,71.34,70.93,69.95,69.44,69.59,68.75,69.98,68.89,71.17,71.3,70.48,71.11,75.2,72.38,72.3,71.49,71.78,71.48,72.17,71.69,70.74,52.13,40.77,45.32,64.75,67.55,71.25,56.31,56.65,70.1,82.36,82.53,68.01,78.3,75.13,74.07,77.75,75.07,62.55,71.63,70.12,78.12,70.34,73.28,73.44,76.96,76.15
"Kenya",55.15,58.09,59.35,60.77,60.12,60.42,61.93,63.05,59.37,55.07,57.13,59.29,62.75,59.54,60.32,60.44,59.31,60.86,66.93,60.87,67.94,67.18,62.81,66.01,59.58,62.35,60.34,56.74,52.3,57.84,57.48,57.76,56.58,55.73,59.91,60.34,52.78,52.52,53.9,60.02,56.21,55.12,57.7,56.31,58.12,57.45,56.48,57.94,60.43,73.5,62.23,60.87,70.92,61.39,61.39,61.83,60.63,57.52,59.04,56.4,57.63,59.81,60.52,56.04,56.01,52.67,56.84,58.75,62.14,62.38,60.54,64.42,63.51,60.6,59.94,59.85,61.05,61.68,67.68,69.75,69.79,65.72,66.88,68.96,63.71,66.78,68.59,70.18,70.85,68.85,68.52,71.59,74.09,76.49,74.55,76.63,74.71,71.84,75.27,79.79,81.62,81.65,81.72,84.13,82.47,80.06,80.8
"Kiribati",,,,,,,,,,,8.64,8.64,8.64,12.13,4.52,4.52,4.52,13.99,10.48,10.48,10.48,11.72,11.72,11.72,11.72,11.72,11.72,18.53,18.53,18.53,18.53,18.91,13.49,11.47,11.47,15.68,15.68,15.68,14.32,12.99,16.15,17.97,16.31,16.31,14.99,14.99,14.99,15.04,15.04,15.04,15.04,5.05,5.05,5.05,5.05,15.18,15.18,15.18,16.42,15.12,15.12,15.12,15.12,16.05,16.05,16.05,16.05,16.05,16.05,16.05,16.06,16.06,16.8,16.8,16.8,16.8,16.8,16.8,16.8,16.8,16.8,16.8,16.2,16.2,16.2,16.2,16.2,16.2,16.19,16.19,16.19,16.19,16.19,16.19,16.19,16.19,16.19,16.19,16.19,16.19,16.19,16.19,16.19,15.56,15.56,15.46,15.46
"Kuwait",51.15,49,49.42,49.44,47.82,48.93,49.52,51.78,51.08,55.54,59.99,59.89,58.64,54.88,55.01,54.01,50.72,49.6,49.48,38.09,38.72,42.69,40.31,39.14,44.03,40.48,42.31,43.59,43.59,41.25,42.93,36.2,36.29,39.82,37.48,38.24,36.84,37.3,38.56,34.57,32.64,38.31,36.85,26.43,26.38,26.35,27.97,36.52,34.97,33.62,41.35,41.82,43.35,43.35,41.06,40.82,37.06,37.06,37.08,38.78,34.31,34.73,32.12,32.05,27.78,29.85,32.24,33.76,31.87,36.93,36.9,38.29,44.91,42.17,44.02,43.93,41.42,38.97,38.97,38.99,38.99,36.88,36.85,36.85,37.06,36.72,36.72,37.03,37.03,37.03,37.03,36.7,39.31,39.29,36.93,36.93,36.9,34.11,36.12,35.34,32.11,34.19,35.5,32.14,33.96,33.96,33.96
"Latvia",34.08,36.37,37.19,31.32,33.14,31.81,32.53,30.68,27.24,25.95,27.95,26.28,30.44,32.97,33.93,32.82,37.38,33.81,33.96,30.59,31.42,28.02,29.49,32.01,37.35,36.48,38.63,30.6,28.78,30.05,32.15,35.83,31.73,33.53,34.03,33.25,34.33,30.99,29.51,27.73,31.62,32.93,30.95,30.51,26.73,26.74,28.43,27.55,31.01,32.13,30.97,31.01,33.81,34.09,32.96,33.95,34.15,30.54,33.9,30.7,31.87,28.31,30.1,33.39,33.37,34.34,35.71,32.55,35.66,37.47,38.59,38.59,41.33,40.09,41.39,39.57,39.49,39.58,40.63,42.62,44.03,43.98,41.49,43.64,43.66,43.6,40.87,40.2,40.42,38.39,38.08,40.41,45.3,46.42,47.85,47.85,49.1,46.64,46.63,46.57,47.38,39.86,40.9,42.48,39.64,45.56,46.38
"Lebanon",74.71,68.01,69.33,72.4,69.98,72,74.43,76.87,80.1,68.85,72.55,72.94,68.65,76.18,82.58,81.11,75.06,74.39,75.47,75.03,82.77,85.65,91.6,90.93,80.77,83.68,86.68,87.15,83.03,87.3,89.4,86.85,85.69,84.22,92.14,91.37,93.83,90.93,87.42,97.67,101.55,99.35,97.58,97.69,92.22,97.95,94.29,98.03,100.7,105.35,107.29,105.06,103.89,93.76,91.02,99.23,99.64,85.21,84.08,81.87,97.63,89.03,92.77,92.53,92.16,89.28,89.26,90.53,95.31,95.58,87.78,96.34,96.35,96.38,96.94,94.67,91.32,91.29,107.74,107.11,109.69,112,78.43,77.9,78.97,74.68,75.74,74.58,74.58,73.95,73.58,74.85,77.38,74.89,74.59,76.05,80.73,79.95,74.93,75.8,75.81,80.77,88.38,91.43,91.92,91.6,94.34
"Liberia",11.5,13.74,14.97,16.55,15.66,19.4,19.4,29.11,25.37,25.99,23.41,19.32,19.78,22.69,18.42,18.42,19.11,20.28,14.34,14.34,15.52,15.03,13.2,13.12,14.48,24.55,24.23,25.17,23.65,24.61,25.56,26.74,26.53,30.71,29.43,22.42,26.18,26.2,25.32,25.27,23.45,18.08,18.18,20.56,19.48,19.5,23.31,22.46,17.97,22.69,22.23,21.41,21.41,21.42,21.66,21.6,22.56,21.82,21.43,19.48,14.62,17.71,16.13,16.15,17.42,14.76,15.43,14.38,15.29,15.27,15.92,14.54,17.23,17.23,16.92,16.95,16.95,17.34,17.34,17.34,17.34,23.64,23.08,23.06,19.33,19.05,19.13,19.12,19.14,18.46,18.46,18.46,22.18,21.56,21.56,21.56,21.56,21.54,21.54,21.52,21.52,21.55,18.95,18.95,19.1,19.1,19.07
"Libya",37.31,37.5,39.77,44.1,47.63,47.65,45.96,50.07,52.34,52.23,42.38,43.31,41.54,46.18,47.98,46.01,42.78,45.93,47.77,44.6,45.11,33.61,29.92,25.08,30.67,32.47,33.18,42.91,57.01,59.18,63.32,68.1,67.27,70.01,70.81,67.83,61.07,63.72,59.58,59.31,57.66,47.58,46.21,48.22,47.67,52.6,50.93,58.22,56.43,53.28,54.15,56.4,55.97,58.21,52.83,56,54.79,56.36,55.07,51.94,53.02,49.4,48.22,53.2,48.48,51.38,54.23,52.76,53.39,53.56,48.36,50.21,50.21,52.47,61.61,61.88,54.28,54.14,52.21,52.27,49.59,53.87,52.02,54.3,52.38,60.97,61.08,63.58,63.61,63.05,66.35,66.66,64.75,61.55,62.51,62.48,64.2,63.48,64.7,67.85,64.7,64.7,65.49,67.86,67.87,67.9,62.64
"Lithuania",29.83,40.27,38.75,38.68,37.29,37.01,37.59,36.8,37.64,33.95,33.77,33.1,36.41,34.11,40.85,41.25,40.58,40.45,42.41,39.79,40.2,39.66,40.3,40.5,45.17,45.22,41.76,37.91,42.5,40.47,41.18,40.69,40.35,44.13,44.59,44.53,43.31,44.01,47.24,40.92,45.25,47.71,44.55,36.52,35.15,37.18,41.56,45.2,47.77,63.45,68.74,61.52,63.47,60.49,63.98,51.68,49.67,48.35,47.28,44.64,45.24,42.8,58.29,60.22,58.57,63.94,67.69,71.85,68.86,65.06,64.38,71.03,64.95,63.66,79.26,75.56,61.39,61.61,59.99,60.13,72.39,70.22,73.51,77.38,74.98,75.69,80.2,80.01,91.65,92.36,85.59,81.89,84.3,74.99,74.68,77.64,77.14,82.51,83.63,84.25,85.67,82.87,84.87,79.86,78.67,79.4,80.65
"Madagascar",39.45,37.08,36.4,37.24,37.24,28.65,28.76,31.34,31.34,33.68,33.71,33.73,28.31,29.59,36.33,35.68,29.43,28.79,30.46,31.42,31.52,33.39,31.76,31.76,33.87,43.25,40.51,40.42,42.33,43.94,43.24,44.34,44.35,37.6,37.83,38.88,36.76,36.73,36.84,38.31,38.8,35.39,35.56,34.79,34.65,29.04,28.89,33.7,31.06,31.19,33.27,32.6,28.22,28.35,28.31,28.99,31.38,31.38,27.9,25.13,24.49,26.21,24.07,24.1,24.71,24.76,25.55,25.57,24.79,24.8,24.82,24.82,24.87,24.87,24.18,24.17,24.17,24.12,24.14,24.14,24.14,24.16,26.83,26.12,26.2,26.2,26.12,29.42,29.42,28.27,28.34,28.34,28.34,28.21,28.22,28.27,28.25,28.25,28.23,28.2,28.18,28.18,28.17,28.17,28.17,28.19,28.18
"Malaysia",388.24,387.77,397.12,404.79,415.55,425.4,428.14,449.88,453.9,445.57,454.88,448.8,430.64,431.29,414.15,422.1,423.87,432.33,452.75,460.05,467.47,502.73,502.14,503.48,487.68,478.28,480.22,477.16,471.92,477.73,478.42,468.54,462.6,461.04,461.8,461.33,466.95,470.86,477.44,477.96,477.56,483.98,481.39,469.8,471.55,463.07,453.5,463.98,468.78,472.78,464.82,462.16,449.86,464.41,464.28,463.65,471,463.54,463.47,476.38,477.96,479.45,466.83,469.11,472.54,474.68,480.3,483.75,478.29,479.31,486.21,487.81,496,492.6,494.81,498.83,499.52,498.73,504.14,503.26,494.72,484.78,485,489.53,486.44,497.11,494.69,494.31,478.23,495.09,499.07,497.99,496.74,518,516.17,512.87,513.84,521.52,515.22,520.82,522.94,523.51,522.87,523.59,514.67,518.03,516.54
"Maldives",21.65,14.37,14.37,14.37,14.37,18.46,18.46,18.46,18.46,14.55,14.55,14.55,14.55,21.46,21.29,21.29,20.53,20.77,20.77,18.68,19.93,21.63,20.82,24.15,13.1,13.1,24.12,23.73,22.58,20.67,18.55,17.93,19.27,18.83,18.83,6.64,7.87,7.87,7.87,19.35,19.35,18.21,17.53,18.21,18.21,7.88,7.88,18.03,18.08,17.98,17.98,17.85,19.52,18.85,17.52,17.51,19.28,17.7,19.87,18.73,18.36,19.63,20.4,19.46,21.69,23.44,23.45,23.43,23.4,23.39,21.65,21.22,19.21,19.21,19.25,19.25,19.23,20.06,18.89,18.94,18.89,16.31,15.54,15.54,15.57,15.57,15.57,16.33,16.28,16.94,19.11,19.11,19.11,19.06,19.06,19.06,19.06,19.08,19.08,19.08,11.97,12.24,14.47,14.47,14.47,14.47,14.47
"Malta",89.56,101.69,104.21,101.66,99.57,108.44,109.41,105.36,105.14,112.56,121.68,127.45,121.96,126.03,118.84,125.78,133.01,116.91,121.7,123.86,119.82,118.42,121.14,114.4,113.63,107.78,103.18,112.32,115.4,113.08,118.71,115.91,128.11,128.98,128.81,127.44,137.08,142.49,144.48,145.06,144.31,151.21,155.55,140,135.56,141.27,138.49,143.91,139.75,143.26,141.22,142.9,139.31,131.39,115.95,117.18,115.18,105.59,112.36,113.73,121.78,118.96,126.72,134.66,133.71,110.79,112.07,112.24,120.5,119.3,111.92,115.88,117.67,119.46,125.21,126.17,121.47,119.05,135.8,134.6,130.64,123.23,112.3,106.83,111.58,110.04,107.58,110.89,103.74,105.68,105.57,105.7,104.89,102.64,105.78,105.26,105.5,104.85,107.13,110.77,113.79,114.57,114.15,115.08,113.38,106.21,105.72
"Marshall Islands",11.05,13.49,17.43,17.43,17.43,17.43,17.43,13.49,13.49,13.49,16.14,15.52,15.52,15.52,11.05,11.05,11.05,10.48,10.48,10.48,10.48,11.72,11.72,11.72,15.01,15.01,15.01,21.82,22.37,22.37,22.37,22.07,17.33,15.31,16.45,19.98,19.98,19.98,19.98,18.65,21.13,21.13,21.29,21.29,19.97,23.96,23.96,24.02,22.86,22.86,22.86,12.83,15.44,15.44,15.44,22.56,22.56,22.56,24.95,23.24,23.24,23.24,23.24,21.56,21.56,21.56,21.56,21.56,21.56,21.56,21.57,21.57,21.57,21.57,21.57,21.57,21.57,21.57,21.57,21.57,21.57,21.57,21.64,21.64,21.64,21.64,21.64,21.64,21.64,21.64,21.64,21.64,21.64,21.64,21.64,21.64,21.64,21.64,21.64,21.64,21.64,21.64,21.64,21.64,21.64,23.41,23.41
"Martinique",39.35,39.35,39.35,38.51,38.51,37.57,39.39,35.72,35.75,31.39,30.72,30.74,30.74,34.63,35.15,35.14,35.12,35.8,35.96,35.95,35.76,35.76,31.45,31.45,32.54,31.52,29.7,31.99,29.23,29.91,29.09,29.09,34.3,35.77,35.77,29.86,29.19,33.03,28.48,28.48,24.02,32.01,31.99,32,32.71,32.65,32.65,36.3,36.34,35.32,34.8,32.83,31.73,36.65,43.62,40.36,40.33,45.22,44.56,45.33,45.34,45.34,44.66,45.19,44.52,44.52,43.85,43.89,44.61,42.91,42.91,42.84,42.84,42.84,39.66,39.66,39.66,39.66,39.81,39.88,39.93,39.93,40.48,38.73,38.73,38.73,38.72,38.72,39.47,39.47,39.47,39.47,39.47,39.47,39.47,39.47,39.47,39.47,39.47,39.47,39.47,39.48,39.48,39.48,37.17,37.52,37.52
"Mauritania",21.93,25.24,24.27,26.04,26.42,24.58,16.55,16.97,16.97,17.78,19.94,19.27,19.27,22.51,26.23,26.35,26.45,27.31,29.33,28.52,28.5,27.38,26.27,26.46,24.13,24.27,21.13,21.77,25.82,22.53,27.94,24.99,28.84,28.9,24.86,24.96,24.7,24.2,26.9,26.64,21.13,27.48,27.48,24.85,26.32,23.89,26.99,36.42,37.17,34.45,29.84,28.48,30.52,29.86,29.93,28.98,24.58,21.81,21.92,21.89,26.56,26.84,26.95,22.65,23.79,23.09,23.06,23.07,23.06,23.12,23.14,23.14,23.65,23.65,23.62,26.05,26.05,26.43,26.43,26.43,26.43,26.44,26.46,27.81,22.1,22.11,22.12,22.82,22.81,22.03,22.03,22.03,27.74,27.49,28.18,28.23,32.41,31.71,32.61,31.94,31.94,31.92,37.89,37.89,40.58,36.06,36.04
"Mauritius",56.89,55.67,58.24,58.45,62.46,66.33,69.42,66.53,64.21,63.85,59.21,60.64,60.43,62.26,63.43,63.46,60.3,64.41,60.53,54.1,53.9,55,53.67,50.69,60.77,66.93,63.74,62.38,70.8,70.74,74.53,70.42,63.41,61.03,65.56,65.91,66.66,70.83,71.42,72.95,76.62,70.46,72.46,72.42,72.09,70.51,65.89,65.28,68.5,69.6,71.95,71.54,72.87,71.68,71.8,73.15,73.95,74.64,67.45,66.05,68.35,74.76,73.26,60.23,58.33,59.73,58.54,61.48,59.44,58.04,56.83,61.09,60.54,63.37,63.82,62.41,61.72,62.21,67.43,66.07,70.76,68.3,72.59,64.91,69.09,65.34,65.5,60.36,71.9,73.54,81.06,81.83,82.67,65.49,71.85,73.25,66.71,77.3,78.89,80.4,80.18,80.24,79.9,72.26,70.8,65.93,65.82
"Mayotte",21.36,21.37,20.03,20.71,20.71,15.7,8.64,8.64,8.64,8.64,8.64,8.64,20.47,21.88,23.78,26.15,26.73,27.52,26.19,26.16,27.63,25.26,25.93,25.93,24.38,24.4,24.4,24.09,21.35,21.53,22.21,22.21,23.19,30.42,28.77,27.89,27.89,28.66,28.65,33.08,30.19,25.57,25.61,20.3,21.28,20.39,19.57,22.83,20.17,20.2,21.14,18.88,18.1,18.92,18.93,19.59,19.96,19.96,16.48,16.35,16.39,16.28,14.43,16.64,15.68,15.67,16.44,16.44,13.33,13.33,13.33,15.94,15.96,15.96,15.87,15.87,15.87,15.83,16.51,16.51,16.51,17.37,16.91,16.91,16.99,15.9,15.4,15.4,15.4,15.4,15.4,15.4,15.4,17.42,17.43,17.43,17.4,17.4,17.4,17.39,16.59,16.59,16.59,16.59,16.59,16.59,16.59
"Mexico",143.57,142.38,139.67,142.53,138.61,143.59,142.52,141.7,151.41,154.33,156.61,161.29,164.2,162.29,150.69,146.59,146.98,153.24,158.43,163.45,162.51,162.53,155.93,164.09,152.5,147.44,155.96,159.5,161.06,164.75,168.71,166.65,159.52,160.45,167.26,168.96,173.04,170.29,169.68,175.71,173.38,174.27,169.71,161.05,160.31,160.36,166.02,165.26,164.2,162.19,165.86,166.01,167.2,167.22,172.27,180.56,178.85,177.07,173.79,176.1,179.28,170.47,174.39,172.37,173.11,162.03,169.96,176.15,177.29,178.41,170.13,179.69,176.47,173.35,181.09,181.62,181.34,184.53,184.7,188.44,189.4,189.44,190.19,190.13,187.24,194.38,199.48,199.65,193.01,193.37,189.17,181.74,187.58,189.95,188.23,187.34,190.87,184.85,190.36,190.88,192.31,190.13,193.39,193.2,190.4,193.03,192.93
"Micronesia (Federated States of)",5.88,5.88,11.32,11.32,12.69,12.69,12.69,12.25,12.25,12.31,13.46,13.46,12.86,11.86,11.86,11.85,11.86,6.13,6.13,6.13,6.13,5.33,5.33,5.33,8.42,8.42,8.42,8.42,6.5,6.5,6.5,6.5,6.5,6.5,7.65,7.65,7.65,7.65,7.65,7.65,7.65,7.65,7.65,7.65,8.05,8.05,8.05,8.05,6.19,12.7,12.7,12.83,12.83,12.83,12.83,12.83,12.83,14.97,14.97,14.97,14.97,14.97,14.97,14.97,14.97,14.97,14.97,14.97,14.97,14.97,14.97,14.97,14.97,14.97,14.97,14.97,14.97,14.97,14.97,14.97,14.97,14.97,14.99,14.99,14.99,14.99,14.99,14.99,14.99,14.99,14.99,14.99,14.99,14.99,14.99,14.99,14.99,14.99,14.99,14.99,14.99,14.99,14.99,14.99,14.99,14.99,14.99
"Montenegro",,,,,,,,,4.6,4.6,13.55,11.05,13.79,14.36,14.35,12.27,16.61,9.34,9.96,9.72,9.07,13.28,10.19,10.22,13.54,13.22,13.18,11.44,8.75,9.24,9.96,10.47,10.47,11.24,10.97,11.29,11.03,11.03,11.68,10.57,13.17,13.55,13.56,14.74,12.09,12.95,10.96,10.41,10.41,9.77,9.96,9.29,9.42,9.42,15.48,15.48,15.47,15.46,15.51,15.49,15.01,15.01,15.08,14.3,14.27,14.31,14.39,14.95,14.96,15.16,15.09,15.09,15.09,16.15,15.43,14.35,14.35,14.36,14.44,14.44,14.44,15.06,15.08,15.08,14.52,15.11,15.11,15.11,15.11,15.31,15.31,15.31,20.73,18.87,19.54,19.54,19.52,19.52,19.52,19.5,19.5,19.48,20.38,20.38,20.38,20.4,20.4
"Montserrat",,,,,,9.66,9.66,,,,,,,,,,,,,7.98,,,,,,,,,,,9.51,9.51,9.51,9.52,9.52,10.87,10.87,10.87,10.87,10.87,10.87,14,14,13.96,14,14,14,13.99,13.99,13.99,13.99,13.99,13.99,13.99,13.99,13.99,13.99,13.99,13.99,13.99,13.99,13.99,13.99,,,,,,,,,,,,,,,,,,,,,,,,,,,,,,,,,,,,,,,,,,,,
"Morocco",63.74,65.55,65.99,64.87,62.49,70.71,68.78,89.01,96.2,97.41,123.71,131.81,135.12,132.67,146.78,148.23,148.58,161.84,173.65,183.29,187.33,194.27,183.22,167.37,165.47,166.99,167.12,176.46,180.04,181.05,184.23,187.46,185.3,187.04,193.58,195.52,194.72,195.53,192.21,202.28,201.7,204.88,209.49,211.16,210.05,218.69,233.78,233.38,242.27,225.3,218.65,202.82,199.3,203.52,207.8,202.85,215.75,210.14,205.9,210.87,220.15,218.02,218.6,218.34,219.11,227.76,235.06,238.06,241.25,244.33,248.94,241.08,238.13,245.06,247.91,248.55,251.42,250.84,252.99,249.63,254.29,259.33,266.54,263.12,263.61,265.15,261.56,256.13,253.42,256.52,249.73,252.88,252.49,256.62,263,259.46,259.35,256.94,254.01,252.72,249.69,256.3,259.23,263.32,263.48,262.87,263.12
"Mozambique",32.47,32.45,32.47,32.08,32.08,35.45,35.63,29.12,29.13,33.09,33.1,37.96,35.34,37.36,46.08,47.13,40.09,42.27,52.2,56.36,56.95,53.08,51.74,52.39,53.82,54.97,53.47,46.41,51.34,55.79,64.3,64.37,64.96,55.81,53.22,54.08,48.52,48.38,54.96,44.19,43.96,43.39,44.22,42.56,36.92,35.57,35.55,38.93,41.4,40.63,41.35,41.11,36.39,40.43,41.42,41.46,44.06,44.56,47.12,47.37,52.49,49.75,48.49,46.77,45.23,45.17,47.18,47.2,47.67,48.37,47.72,45.82,47.44,49.56,49.3,51.78,49.96,52.47,52.46,52.99,53.03,51.94,51.99,52.13,51.43,51.44,54.05,53.85,53.84,55.27,55.36,55.65,55.63,55.26,55.24,55.26,55.19,55.16,56.82,56.84,56.82,56.81,62,62.97,61.6,61.81,61.84
"Myanmar",15.88,18.38,16.19,16.19,15.39,15.39,15.39,15.78,15.78,20.03,19.27,19.42,22.36,20.22,23.36,25.08,24.25,26.85,26.92,23.81,18.43,25.6,29.02,29.53,29.54,34.29,41.37,43.97,43.99,39.42,38.64,37.58,39.55,41.92,39.29,39.49,43.55,48.49,46.42,51.72,50.95,53.14,58.87,47.96,45.38,44.36,44.72,45.43,45.19,43.56,44.34,40.6,34.04,38.61,38.74,37.53,39.84,39.16,37.03,37.41,39.95,30.34,26.23,32.74,30.93,35.91,39.11,39.03,40.14,41.37,47.56,51.81,49.11,50.46,49.17,47.24,47.2,47.18,46.04,46.06,46.06,42.1,42.15,42.15,42.14,43.46,43.43,39.11,38.42,38.42,38.45,38.45,38.45,36.27,36.29,37.55,36.12,33.88,35.01,34.98,34.98,36.93,37.05,37.05,37.07,37.87,38.35
"Namibia",32.8,32.72,32.16,29.33,29.27,29.47,28.13,27.05,28.41,29.28,29.31,29.31,26.7,33.05,48.46,45.6,47.52,50.34,48.58,45.87,46.01,46.5,45.5,45.54,44.59,46.64,49.83,52.09,54.68,49.96,50.31,48.04,50.09,49.94,49.74,54.01,55.84,49.88,49.77,48.85,59.61,51.81,51.88,52.6,47.21,44.15,42.76,50.29,44.39,43.44,44.34,42.07,42.74,44.89,44.34,44.27,42.15,42.13,34.55,36.46,36.49,35.84,47.87,47.41,47.37,47.3,47.34,47.42,47.43,47.43,33.94,34.39,34.6,34.6,34.6,46.15,45.5,45.48,45.47,45.47,42.46,41.53,42.95,45.52,46.43,46.41,47.18,48.46,46.13,46.12,46.13,46.13,52.68,68.43,67.82,67.74,67.68,66.58,75.71,67.86,66.73,66.92,67.49,67.48,66.81,66.88,66.82
"Nauru",,,,,,,,,,,,,,,,,,,4.22,4.22,4.22,4.22,4.22,4.22,4.22,4.22,,,,,4.43,3.88,3.88,6.74,6.74,6.86,6.86,6.86,6.86,6.86,6.86,5.05,4.53,4.53,4.53,4.53,4.53,4.32,4.32,5,5,5,5,5,4.32,4.32,4.32,4.32,5,,,,,,,,,,,,,,,,,,,,,,,,,,,,,,,,,,,,,,,,,,,,,,,,
"Netherlands (Kingdom of the)",432.4,443.05,447.76,443.49,444.76,448.99,457.05,468.22,459.18,455.17,438.59,441.04,438.29,435.3,420.9,423.54,424.6,434.78,438.1,430.87,435.49,435.87,418.85,423.22,410.96,408.85,412.81,403.03,394.62,387.23,393.05,395.51,389.11,393.55,396.46,381.21,382.8,386.25,387.07,391.94,396.54,386.06,390.72,384.4,391.14,395.89,399.67,398.04,407.95,416.33,401.3,402.81,411.17,410.17,423.83,413.1,407.27,381.23,381.63,393.87,402.96,398.77,390.87,389.79,388.34,379.54,387.72,388.99,387.47,390.33,393,397.79,399.08,397.81,394.91,393.39,396.43,392.73,390.6,385.75,384.89,377.62,374.44,378.51,380.46,378.9,382.24,380.46,370.08,373.87,369.53,372.31,380.08,393.59,391.49,392.65,380.45,380.18,377.39,378,380.76,378.43,377.38,380.79,381.69,379.94,381.25
"Netherlands Antilles",57.65,57.57,55.62,56.11,58.92,62.97,65.81,58.46,61.45,60.16,54.69,55.06,50.74,51.71,52.42,47.02,47.11,47.11,47.11,49.28,,,,,,,,,,,,,,,,,,,,,,,,,,,,,,,,,,,,,,,,,,,,,,,,,,,,,,,,,,,,,,,,,,,,,,,,,,,,,,,,,,,,,,,
"New Caledonia",42.15,42.37,46.57,47.71,51.16,50.01,55.86,53.42,51.49,49.82,52.43,53.08,51.7,51.23,47.22,47.23,45.11,45.16,47.54,48.2,48.24,47.87,47.84,45.7,46.84,45.09,45.68,48.93,48.48,48.61,50.91,51.32,49.71,50.4,48.39,46.86,44.99,44.36,44.36,44.93,46.09,46.09,45.27,46.46,45.3,48.5,48.51,42.31,41.61,39.23,38.31,35.8,36.12,36.8,39.22,39.2,38.42,39.73,42.34,39.33,39.33,41.41,41.34,40.14,39.02,40.12,40.12,41.38,41.07,41.24,44.2,43.04,43.8,43.8,43.8,44.3,44.21,45.02,44.45,44.45,44.48,44.48,45.83,45.83,46.52,46.52,46.52,46.52,46.3,46.3,44.95,44.95,45.65,45.65,44.98,45.7,45.7,45.67,45.67,45,45,44.97,44.97,43.6,43.6,43.59,43.59
"New Zealand",91.38,91.75,91.17,93.55,96.23,104.71,100.55,100.7,100.05,101.79,93.22,93.86,91.17,91.15,86.7,85.5,84.44,85.65,83.7,83.11,82.51,82.11,85.46,84.9,85.91,85.19,85.26,92.62,88.91,86.9,89.25,93.77,92.6,92.9,92.04,92.36,95.32,93.36,91.58,90.83,89.89,84.91,86.28,98.82,104.7,106.88,103.52,101.4,100.84,86.27,95.92,92.18,91.89,94.79,93.44,91.48,89.23,91.09,90.98,90.35,90.27,96.35,97.44,98.69,99.63,100.15,99.84,101.91,101.27,101.31,98.68,97.08,99.1,99,88.7,113.51,113.5,108.7,106.62,88.72,89.05,105.08,105.14,105.07,97.75,97.27,97.24,87.75,85.02,94.39,84.73,84.78,85.51,85.5,84.8,82.91,85.33,85.37,85.37,82.98,82.98,82.9,82.89,82.87,82.79,85.63,85.67
"Nicaragua",14.77,22.98,23.64,23.66,23.73,25.91,28.17,28.18,28.22,28.36,28.45,26.5,27.86,26.49,27.04,27.04,25.58,24.51,27.67,27.56,30.9,18.45,20.46,16.84,16.84,18.37,18.37,21.88,25.92,25.89,25.92,21.74,21.74,23.95,24.63,24.64,24.81,20.74,20.74,24.5,24.72,24.72,24.72,24.72,24.72,24.72,28.97,28.97,26.76,26.76,21.05,21.05,21.05,21.05,21.05,22.25,22.33,22.33,24.16,30.4,30.4,30.41,24.95,24.92,27.33,27.34,26.4,26.4,26.39,26.41,26.41,26.42,26.19,26.14,26.35,23.06,24.57,28.11,28.14,28.17,28.17,29.31,29.35,29.36,25.8,25.8,25.8,25.8,25.83,25.87,25.87,25.43,27.86,27.86,27.86,27.88,31,31,32.35,31.51,31.51,31.5,31.52,31.54,31.54,31.54,31.54
"Nigeria",75.95,77.58,79.03,81.16,87.78,84.12,82.71,82.2,88.36,88.33,92.29,91.44,91.15,86.66,90.95,89.86,92.66,98.03,100.47,99.71,102.32,95.26,89.69,91.73,92.63,88.43,89.12,90.48,92.5,91.24,95.55,97.02,100.96,99.39,103.39,101.81,100.54,106.15,106.3,105.15,104.63,96.15,96.73,95.02,92.1,92.05,82.61,80.58,81.6,77.34,80.68,78.2,78.09,77.45,75.03,80.46,83.55,82.76,93.22,79.5,80.5,78.52,78.63,76.18,75.92,77.48,92.35,77.89,79.11,79.93,87.3,93.45,79.95,80.18,81.55,85.08,83.36,84.22,84.22,84.23,98.56,99.56,100.24,102.87,101.3,98.73,98.69,98.06,98.11,98.74,98.89,98.9,98.61,100.34,102.25,102.91,105.67,105.85,106.42,112.88,115.89,113.56,113.9,117.34,116.57,116.6,116.55
"Niue",,,,,,,,,,,,,,,,,,,4.27,4.27,4.27,4.27,4.27,4.27,4.27,4.27,4.27,4.27,4.87,4.19,,,,,,,,,,,,,,,,,,,,,,,,,,,,,,5.76,5.76,5.76,5.76,5.76,5.76,5.76,5.76,5.76,5.76,5.76,5.76,5.76,5.76,5.76,5.76,5.76,5.76,5.76,5.76,5.76,5.76,5.76,5.76,5.76,5.76,5.76,5.76,5.76,5.76,5.76,5.76,5.76,5.76,5.76,5.76,5.76,5.76,5.76,5.76,5.76,5.76,5.76,5.76,5.76,5.76,5.76,5.76
"Norfolk Island",2.97,2.62,2.62,2.62,2.62,2.62,2.62,2.62,2.62,2.62,2.62,2.62,2.62,2.62,2.62,2.62,2.62,2.62,2.62,2.62,2.62,2.62,2.62,2.62,2.62,2.62,2.62,7.9,7.9,7.9,7.9,7.9,7.9,7.9,7.9,9.16,9.16,9.16,9.16,3.88,3.88,3.88,3.88,3.88,3.9,3.9,3.9,5.05,5.05,5.05,5.05,2.5,2.5,2.5,2.5,2.5,2.5,2.5,2.5,2.5,2.5,2.5,2.5,2.5,2.5,2.5,2.5,2.5,2.5,2.5,2.5,2.5,2.5,2.5,2.5,2.5,2.5,2.5,2.5,2.5,2.5,2.5,2.5,2.5,2.5,2.5,2.5,2.5,2.5,2.5,2.5,2.5,2.5,2.5,2.5,2.5,2.5,2.5,2.5,2.5,2.5,2.5,2.5,2.5,2.5,2.5,2.5
"Northern Mariana Islands",9.87,9.87,5.88,5.88,6.34,6.34,6.34,12.25,12.25,12.31,13.46,13.46,12.86,11.86,11.86,11.85,11.86,11.84,13.79,13.79,13.8,15.59,13.64,13.64,13.64,13.64,13.64,13.64,14.33,14.81,14.81,14.81,14.82,14.82,15.96,15.96,15.96,15.96,10.23,10.23,13.02,18.5,24.65,24.65,23.1,23.1,23.1,17.61,16.46,16.46,16.46,16.59,16.59,16.59,16.38,16.38,16.38,15.55,15.55,15.55,15.55,15.55,15.71,15.03,15.14,15.14,15.14,15.14,15.14,15.14,15.14,15.14,15.14,15.14,15.14,15.14,15.14,15.14,15.14,15.14,15.14,15.14,15.14,15.14,15.14,15.14,15.14,15.14,15.14,15.14,15.14,15.14,15.14,15.14,15.14,15.14,15.14,15.14,15.14,15.14,15.14,15.14,15.14,15.14,15.14,15.14,15.14
"Norway",43.57,44.82,43.93,48.2,51.58,52.66,58.08,61.32,55.93,59.99,61.87,62.48,61.42,55.99,57.12,59.9,50.92,54.23,54.59,56.21,58.41,66.4,59.53,65.63,65.08,64.5,63.38,61.64,63.14,58.06,57.43,58.39,59.57,59.57,57.43,57.49,57.49,58.29,62.19,60.99,59.64,59.64,59.8,56.05,53.87,46.91,49.84,48.92,48.9,57.82,53.38,59.3,60.36,62.59,72.06,69.76,70.11,59.28,65.73,66.56,67.02,66.04,66.65,70.08,65.44,62.21,64.83,67.09,64.81,63.69,64.9,64.89,63.21,63.21,63.66,62.53,62.53,63.21,62.13,62.14,62.14,62.44,61.51,61.52,60.91,60.91,60.9,58.64,58.8,57.01,57.01,57.01,57.01,56.71,56.71,58.59,58.62,58.62,53.29,52.24,52.24,52.24,52.24,53.29,53.29,56.99,57
"Oman",93.4,92.31,90.17,100.5,103.27,106.35,106.68,107.03,98.8,102.14,125.62,132.52,127.33,134.39,116.12,117.22,115.28,123.95,124.78,125.87,129.68,118.59,123.52,120.57,122.83,126.49,139.15,134.45,135.29,136.02,139.22,136.87,134.8,145.19,140.64,130.53,119.68,123.4,126.38,134.64,148.52,143.21,142.19,139.35,138.31,141.74,146.92,155.07,157.05,146.77,141.5,152.46,152.62,154.58,144.36,146.62,143.81,150.29,154.61,154.06,146.52,144.41,148.24,144.6,140.74,140.6,140.91,136.93,139.39,139.65,139.66,148.39,137.52,146.32,154.07,137.65,149.58,147.22,148.73,156.09,152.32,122.39,118.3,121.24,121.99,113.84,119.56,116.48,119.53,117.63,117.6,118.38,123.49,125.32,127.02,144.77,143.62,140.78,143.77,142.02,141.96,143.98,144.65,141.22,140.32,140.05,140.29
"Pakistan",118.13,121.63,119.04,123.8,123.76,129.56,128.58,127.75,135.11,138.63,136.69,132.07,141.19,127.04,133.09,131.99,135.77,135.07,138.45,138.06,145.34,141.93,128.75,116.44,106.03,103.79,109.58,108.9,111.72,115.4,116.54,116.17,115.02,108.46,112.98,115.71,116.82,121.58,122.25,126.21,130.02,126.17,123.15,118.62,115.53,115.16,122.08,119.81,128.7,122.28,122.46,119.51,112.08,112.93,111.74,111.31,118.55,119.92,121.02,123.09,131.1,130.47,128.17,120.93,122.62,123.43,126.97,127.21,132.99,134.32,136.3,141.01,141.7,141.66,146.86,146.03,142.76,147.91,149.44,147.23,150.25,146.29,148.21,148.42,158.41,159.08,158.2,156.37,155.36,157.21,158.45,155.09,163.31,152.31,154.77,153.87,152.43,146.32,157.73,151.44,170.24,156.53,149.04,147.12,144.91,141.35,137.26
"Palau",9.87,9.87,9.89,9.89,10.65,10.65,10.65,11.64,11.64,11.7,12.85,12.85,9.75,11.86,11.86,11.85,11.86,11.84,11.84,11.84,11.85,8.58,8.59,8.59,8.59,8.59,8.59,8.59,8.59,9.08,9.08,9.08,9.08,9.08,9.08,9.08,9.08,9.08,,,,9.65,9.65,9.65,9.23,9.27,9.27,9.27,9.26,9.26,9.24,9.24,8.55,8.55,8.35,8.35,8.35,7.56,7.56,7.56,7.56,7.56,7.56,6.88,6.88,6.88,6.88,6.88,6.88,6.88,6.88,6.88,6.88,6.88,6.88,6.88,6.88,6.88,6.88,6.88,6.88,6.88,6.87,6.87,6.87,6.87,6.87,6.87,6.87,6.87,6.87,6.87,6.87,6.87,6.87,6.87,6.87,6.87,6.87,6.87,6.87,6.87,6.87,6.87,6.87,6.87,6.87
"Panama",116.79,120.82,124.22,128.34,128.88,128.17,132.15,139.7,139.64,143.64,151.01,157.54,150,148.41,153.22,151.66,154.71,152.51,156.02,159.63,163.9,166.12,168.42,183.88,187.25,191.01,193.26,194.68,196.82,198.48,198.88,200.84,188.27,187.13,190.17,191.03,184.55,194.08,198.03,209.41,204.28,200.4,195.3,187.44,195.4,188.31,193.25,190.06,188.17,191.68,181.22,182.51,182.99,184.6,188.56,193.99,187.82,193,197.74,192.66,193.47,192.42,193.45,195.31,197.43,198.15,195.69,200.39,199.9,195.83,196.84,200.84,201.2,201.86,202.22,205.25,203.91,206.09,207.8,209.74,204.35,207.41,211.42,213.81,211.53,219.51,219.93,215.35,215.89,215.7,213.89,207.8,207.89,206.89,201.89,203.23,205.06,212.65,211.24,209.5,209.69,212.97,214.6,213.94,213.99,216.07,218.59
"Papua New Guinea",31.03,34.73,36.37,37.51,37.53,37.48,39.15,40.27,40.28,40.28,40.14,40.74,40.03,36.9,29.03,29.04,27.9,27.9,29.2,30.34,31.13,31.21,32.08,32.89,32.84,37.79,40.74,41.37,42.66,42.83,43.58,43.96,43.47,43.56,42.8,46.17,45.89,47.17,47.25,45.45,45.45,45.45,46.19,46.21,47.82,48.56,48.92,46.95,46.26,46.22,45.68,44.59,44.61,44.59,44.31,43.55,43.55,44.32,44.32,46.12,46.04,46.14,45.31,44.59,44.59,44.56,46.47,46.46,46.92,47.1,48.75,49.39,49.42,49.44,49.44,49.46,49.37,49.37,49.36,49.36,49.36,49.36,49.52,49.52,49.53,49.53,49.53,49.53,49.53,49.53,49.52,49.5,49.52,49.52,49.53,49.53,49.53,49.5,49.5,49.51,49.51,50.39,50.38,50.37,50.37,50.37,50.37
"Paraguay",,,,,,,,4.9,4.9,4.9,4.9,4.9,4.98,4.98,4.98,4.98,4.98,4.98,4.98,4.98,4.98,4.98,4.98,4.98,4.98,4.98,4.98,4.45,4.45,4.45,4.45,4.45,4.45,4.45,4.45,4.45,4.45,4.45,4.45,4.45,4.45,4.45,4.45,4.45,4.45,4.45,4.45,4.45,4.45,4.45,6.67,6.67,6.67,6.67,6.67,8.76,8.76,8.76,8.76,8.76,8.76,8.76,8.76,8.76,8.76,8.76,8.76,8.76,8.76,8.76,8.76,8.76,8.76,8.76,8.76,8.76,8.76,8.76,8.76,8.76,8.76,8.76,8.71,8.71,8.71,8.71,8.71,8.71,8.71,8.71,8.71,8.71,8.71,8.71,8.71,8.71,8.71,8.71,8.71,8.71,8.71,8.71,8.71,8.71,8.71,8.71,8.71
"Peru",78.65,83.29,87.15,85.44,84.67,83.87,83.38,82.6,82.33,85.84,84.38,84.4,88.68,91.9,95.76,93.91,94.75,96.67,96.71,105.06,107.69,110.78,108.4,107.43,99.06,98.55,103.86,103.71,106.88,111.99,111.57,111.16,106.88,108.89,111.4,112.49,111.66,110.53,112.04,113.76,108.13,107.05,110.36,115.7,117.44,112.87,114.14,115.37,114.91,114.44,116.6,118.27,122.51,122.25,117.48,121.13,120.51,120.05,114.5,114.38,115.51,114.35,119.2,114.11,110.45,113.36,116.32,119.23,119.43,118.17,117.14,119.47,119.73,122.18,123.98,127.5,127.67,134,134.37,136.17,136.39,133.53,134.81,139.5,137.32,137.41,138.3,137.61,137.53,138.29,131.94,130,136.22,137.05,133.22,133.89,134,135.42,135.18,134.3,134.71,136.43,137.22,136.41,136.08,133.65,132.56
"Philippines",123.39,115.42,112.92,118.45,115.49,116.38,123.28,128.54,124.62,115.07,109.82,118.41,124.82,120.25,123.23,122.69,123.93,131.25,131.46,134.52,137.23,140.14,141.37,132.54,129.03,126.35,137.11,143.79,145.21,146.5,149.35,150.04,146.8,153.96,146.23,136.23,137.76,141.72,142.83,153.74,159.97,166.55,167.08,172.22,170.94,169.6,173.6,168.99,170.77,167.01,172.31,174.12,172.51,176.85,180.35,165.41,163.11,163.75,155.43,154.98,147.36,150.19,154.28,150.6,148.27,144.52,154.71,161.01,172.73,171.89,175.04,174.17,176.18,177.14,179.55,182.65,183.71,184.81,185.25,182.78,182.12,181.35,179.63,180.92,179.51,182.18,181.28,179.79,179.63,180.93,181.77,182.83,184.3,185.47,182.01,184.38,185.55,185.76,183.27,184.19,182.2,182.3,184.83,187.72,190.01,189.24,188.19
"Poland",52.32,53.21,56.54,56.67,55.7,56.08,58.52,47.63,47.8,47.57,45.34,44.89,46.22,49.67,58.65,78.38,83.59,82.96,78.86,75.71,74.12,83.37,85.39,87.25,85.56,85.36,80.82,89.8,91.68,93.38,103.39,107.7,106.31,101.72,107.46,103.71,100.76,100.36,109.79,98.71,101.78,99.5,103.1,105.96,105.1,109.57,109.84,114.88,116.94,125.64,118.2,117.84,120.08,123.65,129.89,133.45,132.24,128.5,126.21,124.79,125.76,124.32,121.31,124.33,125.42,121.65,119.96,121.98,117.03,115.82,115.56,115.38,120.56,120.59,125.42,124.16,122.4,130.89,133.53,133.16,133.39,130.04,129.86,132.15,132.2,130.1,129.23,128.22,129.54,131.21,133.51,132.64,133.27,131.65,130.8,134.27,132.5,137.65,139.89,143.1,144.82,146.25,142.32,139.63,139.13,134.3,133.65
"Portugal",127.34,129.81,126.33,124.61,125.38,125.57,123.43,130.19,146.34,145.9,143.59,148.05,151.32,140.83,150.14,155.05,150.68,149.61,156.27,144.7,147.53,157.4,156.8,153.6,148.39,152.33,154.18,158.55,164.84,161.62,164.62,157.55,159.66,161.8,156.42,153.83,153.49,153.71,159.05,156.57,158.85,155.29,157.38,156.05,164.53,159.75,158.25,165.55,166.29,186.39,175.68,184.28,179.9,160.62,158.49,146.35,147.8,147.05,154.66,161.93,161.35,160.35,158.35,169.27,169.47,168.03,173.03,175.26,175.06,172.26,172.38,173,174.79,175.87,176.66,175.5,174.57,183.07,182.72,183.57,184.57,186.59,185.7,185.58,184.72,183.91,182.69,181.94,184.36,185.05,185.11,183.53,182.57,176.95,173.99,170.62,178.07,179.7,179.91,181.23,186.49,188.03,196.51,200.51,191.28,169.54,171.74
"Puerto Rico",71.31,73.88,66.31,73.05,74.96,69.92,72.97,73.66,69.17,65.4,62.6,61.08,60.43,62.12,63.06,62.92,63.58,64.3,63.91,55.63,55.42,51.55,51.06,49.84,45.55,45.52,48.75,51.21,51.37,46.63,49.17,48.71,50.06,50.72,50.44,44.78,40.02,33.48,36.19,36.49,42.51,47.03,47.77,45.4,44.72,44.72,49.96,46.78,39.9,39.91,43.35,43.16,48.51,50.87,51.81,53.42,46.17,46.3,45.82,49.69,49.19,49.2,49.2,47.88,45.7,45.7,45.7,44.52,47.98,48.02,50.96,51.35,51.36,51.36,51.36,51.35,51.35,51.38,51.38,51.38,52.56,52.56,52.61,44.77,44.77,44.56,44.56,44.62,44.59,44.56,44.56,44.55,44.55,44.53,44.53,44.53,45.92,49.57,49.62,49.62,49.62,49.62,49.61,49.61,49.65,49.65,49.6
"Qatar",39.79,39.08,39.19,39.19,39.19,42.02,42.02,44.92,44.62,43.99,49.13,45,40.51,36.17,36.79,36.48,36.48,31.89,32.56,32.89,35.5,37.31,35.96,37.25,41.52,39.41,39.41,36.82,32.15,29.87,32.25,33.48,33.48,38.59,38.73,33.53,34.54,38.07,39.23,45.07,45.41,37.16,44.56,31.99,53.47,58.3,21.56,63.83,83.13,84.32,86.75,92.35,88.19,90.12,90.39,87.83,85.69,98.92,86.6,94.61,96.77,102.36,98.26,94.12,90.82,90.32,99.05,95.77,103.71,113.02,111.19,109.43,115.09,130.71,131.45,110.86,107.79,107.74,106.66,106.91,106.85,108.51,103.57,106.41,108.98,106.66,101.8,101.51,91.41,96.08,100.41,103.42,98.31,99.65,103.83,101.78,102.94,98.92,91.77,88.62,89.72,91.89,91.88,90.68,110.5,111.35,101.01
"Republic of Korea",428.35,431.48,432.31,438.43,444.98,443.68,453.91,465.23,457.76,456.89,461.16,458.14,470.67,474.85,456.55,457.08,455.58,478.93,518,509.76,513.73,530.35,528.61,519.93,500.69,506.11,519.58,527.63,525.49,520.25,517.53,520.48,507.39,506.76,503.9,508.88,519.49,529.7,541.55,529.39,536.18,536.45,546.43,526.65,528.12,536.44,542.2,543.29,545.63,555.17,555.98,553.32,556.09,568.42,565.51,559.26,558.91,543.01,549.61,555.81,552.78,560.26,561.54,583.06,587.34,582.03,598.74,596.68,604.84,601.17,606.35,612.49,622.06,623.43,630.62,638.07,636.36,642.03,639.46,640.97,636.81,640.26,643.96,642.6,640.6,640.8,637.85,639.1,636.28,639.29,640.54,639.84,640.67,629.21,622.77,626.46,626.51,624.66,622.82,618.54,625.36,630.55,632.05,631.28,633.41,636.15,637.6
"Republic of Moldova",,,,,,,,,,,,,,,,,,,,,,,,,3.38,3.38,3.38,3.38,3.06,3.5,3.5,3.5,3.5,3.5,3.5,3.5,3.5,3.65,3.65,3.65,3.65,3.65,3.65,3.65,3.65,3.65,3.65,3.65,3.65,3.65,3.64,3.64,3.64,3.64,3.64,3.64,3.07,3.07,3.07,3.07,3.07,3.07,,,,,,,,,,,,,,,,,,,,,,,,,,,,,,,,,,,,,,,,,,,,,
"Reunion",46.05,45.13,44.97,45.32,45.78,47.29,46.34,47.48,47.5,46.15,47.59,44.91,50.2,48.83,51.84,51.65,48.53,45.1,44.76,47.59,52.68,47.82,46.71,44.47,31.15,43.26,41.03,41.11,43.22,41.99,42.38,43.4,46.35,42.9,40.43,45.36,43.47,45.48,46.3,46.57,54.45,61.31,63.17,58.99,59.91,57.01,55.71,58.89,58.27,53.5,44.14,44.16,44.93,45.07,45.09,54.66,53.91,46.22,46.23,47.22,47.22,47.23,45.41,48.66,48.67,48.63,50.19,52.96,51.4,51.39,48.69,48.69,48.73,48.73,49.5,49.49,50.67,49.51,49.54,49.53,49.53,48.87,49.74,49.72,49.71,50.24,50.26,49.6,60.07,62.91,70.29,70.95,71.04,52.1,61.51,61.57,52.23,64,65.55,66.95,66.83,66.89,66.38,58.84,58.87,52.59,52.58
"Romania",63.41,66.55,67.81,69.66,67.38,73.19,81.09,85.89,87.37,83.18,80.1,77.99,66.76,57.13,54.41,54.48,55.89,51.85,51.86,49.51,50.45,50.44,49.68,56.31,52.16,49.56,56.76,63.45,63.53,65.55,64.97,61.64,62.12,63.83,65.28,67.39,67.75,69.59,71.18,68.38,65.79,64.92,74.5,63.6,62.19,71.26,63.57,65.2,65.09,65.21,62.88,60.27,60.23,60.27,62.19,58.99,57.94,60.32,58.54,60.71,61.3,61.39,60.07,61.91,65.41,66.16,66.97,65.69,66.82,66.85,66.74,63.78,66.46,66.39,71.75,71.75,71.72,69.91,69.98,70.01,72.4,79.95,79.23,53.08,56.76,56.82,55.97,56.97,57.04,57.27,57.27,56.1,56.1,56.08,54.67,56.09,56.05,56.17,58.29,47.38,47.2,45.72,45.72,46.32,46.32,46.34,46.05
"Russian Federation",125.43,131.12,129.71,133.46,137.77,135.91,139.3,148.46,151.51,151.12,148.28,160.53,160.69,156.89,139.45,142.49,148.57,153.71,162.79,161.04,161.73,161.92,174.74,178.72,185.54,218.45,225.02,232.81,231.34,225.09,229.6,235.5,235.83,241.24,234.24,232.95,228.74,223.54,217.11,233.92,229.87,210.22,203.71,206.06,210.37,208.04,202.85,209.32,207.4,201.1,197.43,200.36,199.66,191.6,187.73,192.09,181.33,164.34,160.89,171.09,179.27,174.38,179.7,178.85,179.96,121.32,112.76,124.49,111.94,119.5,136.25,139.69,144.91,151.41,156.6,159.98,161.89,164.48,163.84,162.64,167.26,166.09,160.77,162.43,163.14,166.84,161.77,160.4,154.97,161.46,163.98,164.82,163.47,164.94,163.54,166.94,164.82,180.55,175.23,172.98,169.08,174.94,173.8,177.81,183.58,179.75,180.37
"Saint Helena",,,,,,,,,,,,,,,,,,,,,,,,,,,,,,,,,,,,,,,,,,,,,,,,,,,,,,,,,,,,,,,,,,,,,,,,,,,,,,,,,,,3.44,3.44,3.44,3.44,3.44,3.44,3.44,3.44,3.44,3.44,3.44,3.44,3.44,3.44,3.44,3.44,3.44,3.44,3.44,3.44,3.44,3.44,3.44,3.44,3.44
"Saint Kitts and Nevis",12.89,12.21,12.21,12.21,12.21,19,21.83,19.47,19.48,19.48,19.48,22.67,22.67,22.67,22.67,22.67,22.67,22.67,22.67,18.11,17.43,17.43,17.43,17.43,17.43,17.43,17.43,17.43,17.43,14.54,20.15,20.15,20.15,20.15,20.15,20.15,20.75,20.75,20.75,20.15,21.51,23.16,23.16,23.12,23.23,23.23,26.06,26.05,26.05,23.22,23.22,26.05,25.38,25.38,25.45,24.77,21.94,21.94,21.94,17.62,17.62,17.62,17.62,15.59,15.59,15.59,15.59,15.6,15.6,15.6,15.6,8.28,8.28,8.28,8.28,8.28,8.28,8.28,8.28,8.28,8.28,8.28,8.28,8.28,8.28,8.28,8.28,8.28,8.28,8.28,8.28,8.28,8.28,8.28,8.28,8.28,8.28,11.79,11.79,11.79,11.79,11.79,11.79,11.79,11.79,11.79,11.79
"Saint Lucia",22.67,22.67,22.67,22.67,26.61,31.51,31.51,28.43,28.43,29.1,29.15,30.45,30.45,26.17,26.67,26.26,26.14,26.18,26.18,25.8,21.31,21.35,21.55,24.45,24.79,32.5,32.49,32.49,32.73,33.81,36.23,36.23,33.85,33.69,33.69,31.19,29.83,30.98,30.69,30.58,31.43,27.86,23.78,23.82,27.52,27.52,24.15,25.31,26.69,27.49,29.01,24.53,23.17,26.11,26.11,21.11,21.13,23.43,21.09,21.09,21.1,21.1,21.1,22.07,23.44,23.44,23.44,23.44,25.84,25.88,25.88,26.01,26.01,26.01,26.07,26.07,26.07,26.07,26.07,26.07,28.5,28.85,28.88,26.46,27.14,27.14,27.14,27.14,27.14,27.15,27.15,27.27,27.27,27.28,27.28,27.28,27.28,27.28,27.28,27.28,27.28,27.28,27.28,27.28,25.19,21.88,21.88
"Saint Pierre and Miquelon",,,,,,,,,,,,,,,,,,,,,,,,,,,,,,,,,,,,,,,,,,,,,,,,,,,,,,,,,,,,,,,,,,,,,,,,,,,,,3.88,3.88,3.88,3.88,3.88,3.88,3.73,3.73,3.73,3.73,3.73,3.73,3.73,3.73,3.73,3.73,3.73,3.73,3.73,3.73,3.73,3.73,3.73,3.73,3.73,3.73,6.84,6.84,6.84,6.84,6.84
"Saint Vincent and the Grenadines",24.93,24.93,24.93,24.93,30.18,29.17,26.96,26.41,28.61,28.61,28.62,28.62,28.62,21.4,21.4,21.4,21.36,21.36,21.36,17.12,20.68,20.68,20.68,24.24,24.24,32.63,32.63,32.63,33.05,31.71,35.88,35.88,33.65,33.48,33.48,30.6,22.73,22.73,22.73,31.86,33.73,35.15,30.16,32.09,32.15,32.15,26.52,26.52,26.54,25.19,24.51,24.51,23.83,27.44,25.17,25.17,25.19,27.49,25.14,25.14,25.15,25.15,25.16,19.1,20.47,20.47,20.47,20.48,22.87,22.92,22.92,22.24,22.24,22.24,19.79,19.79,19.79,19.79,19.79,19.79,19.79,21.85,20.15,20.16,20.16,20.16,20.16,20.16,20.16,20.16,20.16,20.16,20.16,20.16,20.16,20.16,20.16,20.16,20.16,20.16,20.16,20.16,20.16,20.16,18.07,18.08,18.08
"Samoa",34.39,34.39,36.4,33.85,33.17,33.17,35.63,35.4,34.25,35.14,31.38,33.25,32.5,32.5,25.99,25.99,25.99,23.91,22.55,22.55,22.47,24.45,22.02,22.02,22.02,24.41,24.41,25.08,25.08,25.08,26.9,26.9,27.83,23.4,23.4,23.4,23.4,23.4,23.39,23.39,27.2,25.38,28.55,28.58,24.2,24.2,24.4,24.4,25.22,24.52,24.49,28.99,29,29,29,30.35,30.46,30.46,30.46,32.56,32.56,32.56,32.49,32.41,32.42,32.42,32.42,32.42,32.85,32.85,32.85,32.85,32.19,31.52,31.46,30.33,30.33,30.33,30.33,30.33,30.33,30.33,30.41,30.41,30.41,29.28,29.28,29.28,29.26,29.26,29.26,29.26,29.26,29.26,29.26,29.26,29.26,29.43,29.43,29.43,29.43,29.43,29.43,29.43,29.43,30.04,30.04
"Sao Tome and Principe",12.43,12.43,12.61,11.83,7.6,7.6,8.1,8.1,7.02,10.31,10.31,10.31,11.54,11.54,6.23,6.23,14.15,16.12,15.92,14.79,14.56,18.48,18.48,17.76,17.76,17.76,17.69,16.87,17.54,18.22,17.55,17.53,19.37,17.6,12.37,12.35,16.74,16.33,13.33,13.27,15.46,14.77,14.76,14.76,14.76,14.76,14.76,13.38,12.04,12.73,15.47,15.47,15.49,15.49,15.49,18.14,12.77,12.77,12.77,12.77,12.77,11.6,11.56,11.58,11.58,11.58,11.57,11.58,11.58,11.58,11.58,11.58,11.58,11.58,11.58,12.34,12.34,12.34,12.34,12.34,12.34,12.34,12.48,12.48,12.48,12.48,12.48,12.5,12.5,12.5,12.5,12.49,12.49,13.52,13.5,13.5,13.5,13.5,13.5,13.5,13.5,13.5,13.5,13.5,13.5,13.5,13.5
"Saudi Arabia",191.72,185.14,197.27,195.84,204.1,206.94,212.61,222.48,220.28,209.4,213.11,202.34,211.33,208.02,207.94,204.13,209.34,209.44,210.9,205.39,210.45,209.47,214.96,219.21,203.81,191.76,190.26,188.59,187.59,190.22,192.21,192.08,189.61,193.04,198.78,197.18,195.62,196.97,203.64,187.34,191.5,196.52,200.76,188.97,198.19,207.8,208.98,211.44,216.24,224.11,216.38,211.28,199.3,215.17,215.45,215.95,213.33,213.3,226.25,225.73,226.22,229.38,231.83,222.07,228.45,231.99,235.65,237.84,242.4,252.42,267.23,270.36,270.28,272.52,277.95,280.78,283.47,286.4,291.27,288.03,295.16,248,227.97,228.8,231.73,236.45,236.52,236.96,237.62,239.24,235.67,241.62,240.84,247.65,245.56,243.22,243.58,247.44,246.16,245.94,240.91,240.8,236.99,234.58,250,242.82,235.88
"Senegal",58.78,63.71,62.11,63,63.66,64.86,65.25,63.39,61.63,70.59,65.54,62.87,64.33,62.76,63.63,61.49,64.43,56.63,57.1,54.82,57.13,55.49,57.41,57.34,55.91,51.89,50.32,49.38,46.05,50.77,51.28,51.85,51.33,52.6,55.61,53.85,56.6,55.2,55.06,61.15,57.32,56.77,57.11,56.68,56.7,58.67,57.24,61.82,63.77,59.65,62.71,52.83,50.27,50.25,49.36,50.42,51.65,52.4,58.65,57.95,53.5,52.05,56.04,56.21,55.42,55.03,59.3,55.18,56.33,54.72,55.38,58.99,60.13,58.36,61.09,65.29,61.14,57.9,56.34,51.99,51.99,54.91,54.87,54.24,58.58,59.21,58.22,63.63,63.53,57.22,56.75,58.27,59.76,59.53,62.59,64.78,66.93,67.65,70.65,68.55,68.6,76.02,69.54,68.8,66.4,59.26,62.92
"Serbia and Montenegro",4.6,4.6,4.6,4.6,4.6,4.6,4.6,4.6,,,,,,,,,,,,,,,,,,,,,,,,,,,,,,,,,,,,,,,,,,,,,,,,,,,,,,,,,,,,,,,,,,,,,,,,,,,,,,,,,,,,,,,,,,,,,,,,,,,
"Seychelles",17.74,23.34,24.59,24.97,24.99,21.94,21.69,20.27,19.87,19.87,19.91,19.91,20.62,24.47,24.32,20.47,20.47,20.53,21.25,24,24,19.58,17.86,26.11,25.87,27.89,26.88,28.34,27.34,27.34,27.15,27.14,27.35,28.7,29.79,28.65,25.98,25.98,25.98,28.48,29.86,26.81,20.39,22.48,22.49,21.78,20.94,21.65,21.7,22.24,22.23,25.42,27.08,27.09,25.75,25.76,28.39,26.67,26.55,24.05,24.02,26.47,24.55,24.68,25.08,26.81,26.82,26.8,26.1,26.09,24.35,24.01,24.04,24.04,24.08,24.66,24.66,24.66,24.19,24.18,24.19,24.18,24.17,24.17,24.16,24.17,24.17,24.17,24.12,24.12,26.31,26.31,26.31,26.32,26.32,26.29,26.28,26.29,26.29,26.31,19.25,19.25,19.25,19.25,19.25,19.25,19.25
"Sierra Leone",11.5,13.74,14.97,13.83,13.06,12.38,12.38,19.72,20.4,20.42,20.13,21.04,21.51,22.69,14.37,14.37,14.39,15.54,14.34,14.34,15.52,15.03,13.2,14.54,17.27,17.95,16.27,23.99,23.66,23.83,24.5,26.49,27.4,29.92,28.03,28.06,27.62,30.39,29.72,26.96,25.84,22.91,23.01,24.04,22.95,22.97,24.89,25.96,25.94,27.73,25.4,17.81,17.81,17.83,18.07,15.63,17.85,17.85,30.45,30.38,17.9,17.71,12.39,19.17,18.77,18.68,18.73,18.09,18.95,18.95,18.92,20.96,24.35,24.35,23.06,23.32,23.39,23.77,23.77,23.86,23.86,23.85,23.23,19.9,21.81,21.81,21.89,24.01,21.07,18.49,18.49,18.49,22.2,21.58,21.58,25.79,25.79,29.97,29.97,30.62,29.92,29.95,29.93,29.93,25.77,25.76,25.74
"Singapore",538.75,528.97,527.4,543.1,541.24,548.4,553.58,564.32,576.04,575.86,584.71,570.35,552.63,541.11,551.53,551.31,549.05,561.45,583.13,578.83,576.33,585.7,578.85,583.27,556.9,556.67,566.9,561.78,549.79,557.3,574.46,567.27,554.95,544.59,538.67,546.39,547.95,544.45,549.49,559.17,556.7,549.63,558.18,531.91,537.84,557.07,568.79,581.74,597.43,600.84,594.13,592.01,576.28,575.6,572.73,558.45,566.78,559.35,570.05,588.2,581.3,582.51,577.66,563.99,569.27,560.74,572.71,581.68,581.46,585.3,589.28,592.88,590.49,591,598.71,602.86,600.52,598.04,600.47,601.69,599.84,591.33,585.97,585.42,585.87,593.13,594.58,594.3,575.43,578.03,582.69,580.47,580.4,601.59,604.26,612.67,611.67,619.37,618.6,622.9,619.54,621.85,629.13,626.84,631.91,627.76,629.32
"Sint Maarten (Dutch part)",,,,,,,,,,,,,,,,,,,,,31.5,33.69,33.23,37.11,37.13,37.13,37.12,37.12,37.13,35.39,36.85,36.75,37.41,37.41,37.41,34.91,34.92,36.73,36.73,37.57,38.66,44.48,44.48,44.48,44.32,43.86,44.88,46.19,46.2,40.45,40.47,40.47,39.11,42.64,41.58,40.9,39.89,39.7,37.8,37.8,40.24,40.24,40.25,32.12,32.04,32.05,32.04,32.05,32.08,32.13,32.13,31.58,31.58,31.58,31.91,31.91,31.91,31.91,31.91,31.91,31.91,31.94,31.96,31.3,32.66,32.66,32.66,32.66,32.66,32.66,32.66,31.99,31.99,32,32,32,32,33.68,33.68,33.68,33.68,33.68,33.68,33.68,31.9,31.91,31.91
"Slovenia",49.51,46.64,47.11,52.25,54.42,53.17,53.91,55.38,58.51,58.61,56.34,56.73,49.72,51.49,51.67,51.78,52.78,52.8,60.77,57.95,60.07,59.83,60.38,59.52,53.32,61.29,61.65,60.7,60.04,59.82,60.61,60.11,58.21,61.2,61.91,64.87,72.01,70.41,71.76,75.14,77.39,72.03,69.72,75.11,75.05,78.69,75.41,71.61,71.74,68.22,67.73,68.44,66.16,70.28,72.63,75.38,74.23,74.17,69.68,67.41,67.45,67.46,69.33,69.44,70.76,74.58,75.28,75.11,72.16,72.38,73.4,75.8,75.8,72.93,72.16,74.37,73.21,74.01,75.22,77.54,79.18,77.8,77.81,77.67,76.06,76.67,76.72,76.74,74.53,75.93,75.96,75.98,76.05,73.78,75.28,75.4,75.55,75.77,75.74,75.51,77.34,77.32,77.32,77.34,76.23,76.36,76.41
"Solomon Islands",21.04,25.72,21.48,21.48,21.48,21.48,21.48,22.74,22.75,22.75,26.97,28.95,28.95,27.86,24.36,24.37,22.55,17.38,20.33,20.34,20.37,26.84,26.43,29.65,29.65,30.35,31.36,31.36,31.66,32.43,34.95,36.77,37.63,38.53,38.53,36.08,36.07,36.64,34.14,34.1,36.08,34.27,30.62,30.62,32.55,35.78,35.78,33.6,33.61,34.26,34.39,34.43,34.43,34.43,34.44,30.85,30.85,30.85,28.44,30.5,30.5,30.5,30.5,28.44,28.44,28.41,28.41,28.41,32.14,32.31,30.64,30.64,30.67,30.68,30.68,31.38,31.38,31.38,30.68,30.68,30.68,30.68,30.58,30.58,30.59,30.59,30.59,30.59,30.59,30.59,30.58,30.58,30.6,30.6,30.61,30.61,30.61,30.28,30.28,30.28,30.28,30.26,30.25,30.25,30.25,30.25,30.25
"Somalia",13.8,13.8,13.8,14.49,14.49,14.49,14.36,14.36,14.36,14.35,14.35,14.35,14.35,14.35,15.44,15.44,15.58,15.96,15.94,15.96,15.96,15.96,16.11,16.11,,,3.4,3.4,9.23,12.37,15.15,17.05,19.29,20.79,20.6,20.6,22.53,22.53,20.57,23.29,22.97,24.03,25.38,29.17,29.01,30.88,32.27,35.33,26.99,27.21,25.53,26.69,27.68,26.53,28.54,28.06,29.24,30.41,31.76,33.16,35.08,31.1,29.88,32.37,34.63,34.55,32.89,33.3,32.63,32.56,30.17,31.53,31.54,31.54,31.55,31.37,32.24,35.18,38.63,39.06,38.2,31.59,38.48,41.33,38.67,41.52,41.66,42.16,42.83,46.1,46.14,46.85,45.73,48.11,45.97,44.03,49.02,33.27,32.97,35.64,39.91,39.62,40.76,38.32,38.32,35.47,35.47
"South Africa",126.73,128.46,130.46,136.18,142.53,140.17,149.14,143.67,146.65,144.99,150.15,147.39,143.97,141.67,147.01,149.86,147.74,153.43,156.74,156.55,162.15,156.38,147.87,144.52,138.42,131.87,136.85,129.93,137.36,142.54,147.25,144.5,137.89,145.08,144.87,144.25,142.71,139.64,131.55,130.56,134.74,126.5,126.69,122.92,123.3,125.33,121.93,126.37,118.21,119.26,120.48,115.52,116.76,114.5,113.34,115.88,114.99,114.18,117.28,113.35,114.84,114.36,112.37,108.14,112.74,110.76,112.36,103.31,98.31,99.58,102.48,110.9,113.6,115.16,117.77,116.12,111.84,112.74,112.19,108.72,112.72,107.21,109.06,103.46,109.96,109.89,106.97,107.3,105.12,101,99.27,99.34,103.56,104.55,101.63,101.55,106.18,107.2,116.37,107.47,104.64,105.56,103.22,107.4,113.14,118.04,117.87
"Spain",373.57,390.87,403.02,398.12,400.4,393.91,395.37,388.36,385.8,394.94,388.84,383.3,377.32,372.7,364.92,365.25,373.05,386.08,386.11,379.83,381.01,366.55,382.12,382.74,370,354.9,361.14,365.57,350.74,355.61,362.87,356.09,357.63,372.31,370.69,359.16,366.11,367.69,379.98,395.98,389.86,394.15,401.36,387.51,380.24,378.91,377.13,384.19,383.85,381.65,370.32,367.61,367,366.82,368.54,363.79,370.63,369.05,365.49,377.02,381.89,395.89,387.07,385.83,378.28,375.73,388.08,394.34,394.02,399.39,402.81,399.61,409.12,406.11,416.08,417.93,420.46,414.78,412.61,408.13,409.13,403.56,408.28,416.71,424.87,429.08,432.13,427.77,422.64,423.52,426.12,426.02,433.55,426.95,423.93,425.24,425.02,424.71,423.28,422.85,417.27,419.86,421.13,419.32,421.19,419.41,417.42
"Sri Lanka",159.57,170.99,170.26,177.46,179.66,189.51,187.92,180.55,183.81,188.49,192.25,186.75,174.75,159.41,163.93,164.5,163.14,168.03,171.63,175.13,179.82,182.48,178.68,175.35,170.11,177.03,173.59,173.23,176.93,172.71,175.96,181,177.65,182.63,178.88,180.87,181.03,186.28,191.07,195.83,197.34,212.41,220,221.64,220.44,209.87,208.7,217.05,222.7,216.69,215.07,216.03,213.76,215.77,212.02,212.15,223.42,224.32,239.36,244.78,244.99,245.01,242.18,232.35,240.78,235.1,234.87,237.74,236.52,235.75,239.54,239.97,247.62,246.45,244.02,245.42,239.69,241.59,243.73,239.33,249.35,253.43,257.49,254.52,248.42,251.53,252.28,248.19,253.99,262.8,263.11,267.06,270.66,262.85,266.93,265.76,256.78,261.15,260.2,263.33,264.49,274.38,280.43,278.32,274.44,274.64,272.92
"Sudan",,,,,,,,,,,,,,,,,,,,,,,,,26.75,28.37,28.47,28.21,30.53,30.6,33.21,35.42,35.65,33.26,37.05,36.15,36.79,37.52,36.59,40.05,43.45,37.79,38.75,31.32,34.05,45.97,45.16,39.4,26.72,24.73,26.07,23.3,22.96,22.75,23.2,22.99,24.75,24.75,24.94,27.4,22.67,19.23,21.02,21.86,17.14,19.94,19.45,22.12,24.78,24.78,30.31,27.12,28,25.16,26.19,25.49,26.19,24.9,24.9,24.9,24.9,27.04,27.04,27.04,28.85,29.21,27.22,27.38,23.58,27.46,27.46,30.84,26.43,26.43,24.24,26.46,26.46,26.46,28.67,30.14,28.6,28.29,28.95,25.25,25.25,25.25,29.24
"Sudan (...2011)",37.18,27.03,34.52,34.88,31.05,27.78,36.95,36.81,29.43,31.23,31.52,30.02,37,38.75,42.73,39.73,39.8,38.02,39.76,32.76,33.3,34.68,32.88,31.44,,,,,,,,,,,,,,,,,,,,,,,,,,,,,,,,,,,,,,,,,,,,,,,,,,,,,,,,,,,,,,,,,,,,,,,,,,,,,,,,,,,
"Suriname",33.37,35.6,38.22,39.1,32.5,33.21,33.24,30.29,36.57,36.49,34.72,34.73,34.73,36.08,36.08,36.08,42.75,42.08,39.84,36.86,38.69,37.3,31.47,31.6,31.6,33.08,33.82,37.08,38.76,38.74,40.28,40.28,38.05,39.83,39.84,42.6,41.94,41.93,42.73,41.93,39.92,41.53,39.26,40.21,35.52,39.14,40.8,39.65,34.9,34.88,36.11,36.11,36.11,36.11,34.95,39.42,39.35,40.57,40.33,38.97,38.98,38.97,38.98,40.54,36.91,38.61,39.97,40,40.02,40.02,40.02,40.02,40.03,40.03,39.98,40.99,40.99,40.99,43.22,43.22,43.93,42.92,42.92,40.48,40.48,40.51,40.54,40.54,40.54,40.56,40.56,41.36,41.36,44.83,44.62,44.82,44.82,44.82,44.82,44.82,44.82,44.83,44.83,44.83,46.59,45.91,45.91
"Sweden",113.12,112.74,120.65,117.79,118.09,115.02,113.2,110.93,102.27,105.26,111.1,115.62,114.01,116.84,117.04,117.69,116.82,117.8,117.67,120.88,126.28,123.75,120.35,121.97,119.26,129.5,122.84,125.27,117.85,117.15,121.04,122.78,121.88,120.16,118.7,120.68,108.9,103.84,117.5,122.49,121.71,119.44,117.51,119.99,154.98,147.1,146.57,128.94,126.07,120.95,121.66,116.68,118.84,117.65,117.76,116.4,112.99,104.46,110.51,109.81,107.96,107.7,108.95,109.22,109.07,116.92,119.66,111.23,114.73,111.45,111.32,111.78,113.1,112,113.33,111.36,111.29,111.58,113.97,114.77,114.76,115.56,118.76,121.18,121.24,120.15,120.06,117.83,118.2,118.1,120.5,117.93,119.86,107,106.75,106.85,114.4,105.98,107.04,112.67,118.63,121.04,119.25,119.33,118.88,120.12,124.47
"Syrian Arab Republic",50.19,51.03,50.06,49.14,45.37,44.76,54.61,54.56,65.68,59.02,58.37,51.68,48.65,45.29,59,54.62,50.99,47.4,46.41,55.98,56.7,55.43,55.16,56.17,54.45,54.05,53.68,46.57,47.39,48.44,46.32,41.04,39.81,39.8,40.23,37.45,41.31,41.67,35.48,36.42,32.26,30.09,32.89,33.38,37.17,24.11,29.86,33.37,34.75,30.03,29.9,33.48,31.75,31.29,32.42,32.39,30.88,30.88,30,30,29.91,26.62,27.16,24.96,25.94,25.94,25.94,25.67,25.75,25.98,25.98,25.98,25.98,25.98,25.99,25.99,25.99,25.99,25.99,23.09,23.09,23.09,23.09,23.09,26.14,26.15,26.15,27.68,27.68,27.65,27.65,27.63,30.78,28.92,26.37,26.37,26.37,26.37,26.37,20.31,20.31,29.67,33.57,37.45,38.61,50.3,51.03
"Thailand",195.56,195.71,200.14,201.9,194.99,202.12,196.51,207.23,198.65,189.91,188.83,180.23,180.83,177.33,185.79,188.4,191.33,201.6,200.16,207.58,202.45,201.95,198.55,201.51,197.43,187.48,191.9,202.37,200.75,195.15,206.97,209.61,199.09,199.38,193.79,191,198.91,208.23,210.99,213.16,214.41,218.42,218.09,211.64,207.39,206.2,209.63,217.38,217.6,214.57,218.37,219.32,225.36,221.05,222.27,218.16,218,223.6,230.36,231.3,229.88,238.63,242.22,245.11,241.28,244.91,258.05,264.05,261.19,262.27,262.75,266.74,262.55,264.32,261.74,266.56,273.21,268.95,265.74,259.33,258.36,255.76,259.86,258.39,267.52,269.32,266.19,263.83,263.73,265.55,267.87,267.31,271.18,257.52,260.47,258.33,272.5,267.96,276.21,276.05,276.57,270.3,272.86,270.73,266.39,266.55,272.67
"Timor-Leste",8.96,6.86,3.34,3.34,3.34,3.34,3.34,3.07,3.07,3.07,3.07,7.03,7.03,7.03,7.03,7.03,7.03,7.03,6.86,7.79,7.79,7.79,7.79,7.79,7.79,14.96,16.8,16.8,16.94,16.96,16.98,18.62,18.62,18.64,18.71,18.68,16.4,16.39,11.38,11.37,11.37,11.67,11.67,11.67,11.68,11.27,11.27,11.27,11.27,11.27,11.27,11.27,11.27,11.27,11.27,11.27,11.27,11.27,11.27,11.27,12.22,12.22,12.22,10.42,11.54,11.54,8.63,8.63,8.63,10.19,13.35,13.32,11.92,11.92,11.92,11.92,11.92,11.92,11.92,11.92,11.92,11.92,11.99,11.99,11.99,11.99,11.99,11.99,11.99,11.99,11.99,11.99,12.22,12.22,12.22,12.22,12.22,12.22,12.22,12.22,12.22,12.23,12.23,12.23,12.23,12.23,12.23
"Togo",52.44,51.39,55.31,53.68,50.34,50.19,51.4,47.67,50.33,49.27,52.81,52.23,52.8,58.47,66.22,64.75,60.92,64.31,66.95,56.07,63.24,60.29,55.33,51.72,47.11,50.83,47.58,52.25,53.43,55.58,61.97,59.67,58.21,65.25,68.55,72.03,83.97,81.04,85.57,74.65,83.46,70.28,79.27,79.57,76.53,74.56,76.97,83.93,84.87,84.65,88.14,86.09,83.03,80.97,82.58,81.85,82.99,84.38,83.94,84.6,90.34,88.95,89.98,90.35,91.34,94.95,92.19,91.09,91.24,91.04,92.18,92.37,93.58,93.67,95.87,95.92,95.42,95.6,95.45,95,93.02,93.18,95.94,92.94,90.97,95.1,89.06,79.55,93.7,92.78,94.48,94.24,95.97,107.71,118.83,119.06,119.12,119.85,119.78,120.61,117.53,120.1,125.81,125.74,125.05,124.67,124.71
"Tonga",25.37,25.07,25.06,22.1,22.1,22.1,18.98,17.65,17.65,18.98,18.98,21.22,21.22,21.22,21.22,21.22,21.22,19.87,19.3,19.3,19.3,20.55,19.62,19.62,19.62,22.01,22.01,22.68,24.45,24.45,26.94,26.94,28.49,24.06,24.06,19.78,19.78,19.78,19.61,19.61,23.89,27.15,28.55,28.58,28.66,28.66,28.05,28.05,28.31,29.1,25.72,25.89,25.89,25.89,25.89,21.02,22.28,22.28,22.28,29.21,29.21,29.21,29.13,28.63,27.16,27.16,27.16,27.16,28.2,28.2,28.21,28.21,29.03,29.02,29.02,29.02,29.02,29.02,29.02,29.02,29.02,29.02,29.79,29.79,29.79,27.99,27.99,27.99,27.98,27.98,27.98,27.98,27.98,27.98,27.98,27.98,27.98,28.14,28.14,28.14,28.14,28.14,28.14,28.14,28.14,28.14,28.14
"Trinidad and Tobago",79.61,80.55,80.25,82.7,80.48,78.49,75.75,81.91,82.82,81.63,74.6,73.54,82.13,94.62,92.51,86.63,86.5,86.67,86.2,86.6,88.66,89.2,81.32,82.9,83.95,79.6,77,76.15,74.39,74.44,78.04,79.24,78.79,78.33,79.5,76.17,74.38,77.35,71.48,73.85,77.97,78.6,64.65,59.92,59.88,59.88,58.65,64.38,62.47,63.29,62.69,62.72,61.91,63.25,63.44,65.06,62.02,63.28,60.96,62.96,62.25,62.07,62.07,60.38,58.07,58.06,58.74,58.77,59.17,60.22,60.22,59.56,59.58,59.58,59.55,59.55,59.55,59.55,60.63,60.63,60.66,60.72,60.71,58.96,58.75,58.78,60.13,60.13,60.13,60.14,60.14,59.58,58.48,61.95,61.74,61.94,61.39,61.44,61.44,61.44,61.44,61.45,61.45,61.35,61.68,60.62,60.62
"Tunisia",50.12,46.27,47.72,52.11,51.22,52.29,45.79,51.95,51.95,47.05,47.35,51.46,52.16,51.83,51.4,50.54,51.4,52.31,56.41,55.11,54.65,55.92,55.71,54.68,53.07,43.28,45.35,46.27,42.45,44.43,44.78,47.11,46.46,46.79,48.35,40.62,42.25,45.95,44.47,45.37,50.75,41.51,41.3,41.76,41.3,43.73,44.27,42.67,41.1,42.73,42.8,40.39,37.28,38.02,35.89,38.01,34.29,34.17,30.28,29.86,27.73,29.19,26.11,27.5,25.3,26.34,27.44,27.45,25.59,24.22,26.08,25.32,25.53,26.99,28.11,28.09,29.41,29.38,29.38,27.32,29.51,29.51,30.73,32.02,31.19,30.79,27.84,26.45,24.69,26.13,28.36,28.37,27.2,27.98,27.98,26.09,30.12,31.52,30.4,30.4,28.17,28.17,28.9,27.53,27.54,24.36,24.36
"Turkiye",163.39,162.12,172.27,174.52,167.55,171.21,177.78,182.47,195.04,194.95,191.95,187.23,179.73,159.11,170.84,169.29,168.59,167.45,175.38,180.53,186.74,187.68,192.87,187.39,194.88,200.84,209.43,219.59,217.07,219.95,217.6,216.01,220.27,217.91,219.91,226.06,226.47,220.14,220.4,217.03,216.95,218,220.75,225.74,227.97,227.15,230.56,238.45,242.1,236.03,235.36,231.43,229.04,229.76,228.43,232.19,225.81,230.07,227.97,225.97,231.22,230.75,229.37,234.64,246.25,246.85,250.69,263.91,264.46,272.95,264.84,267.86,270.86,276.82,282.49,287.57,286.58,284.75,284.5,282.15,281.68,286.94,284.49,288.64,283.16,280.65,276.2,275.21,270.08,273.29,275.94,288.75,289.98,299.23,302.25,302.85,318.5,316.42,317.25,319.84,314.02,306.33,301.12,299.14,305.57,307.72,307.9
"Turks and Caicos Islands",6.25,6.25,6.25,6.25,6.25,6.25,6.25,4.1,4.1,4.1,4.1,,,,,,,,,,,,,,,,,,,,,,,,,,,,,,,,,,,,,,,,,,4.13,4.13,4.13,4.13,4.13,4.13,4.13,4.13,4.13,4.13,4.13,4.13,4.13,4.13,4.13,4.13,4.13,4.13,4.13,4.13,4.13,4.13,4.13,4.13,4.13,4.13,4.13,4.13,4.13,4.13,4.13,4.13,4.13,4.13,4.13,4.13,4.13,4.13,4.13,4.13,4.13,4.13,4.13,4.13,4.13,4.13,4.13,4.13,4.13,4.13,4.13,4.13,4.13,4.13,4.13
"Tuvalu",,,,,,,,,,6.42,6.42,7.01,7.01,4.29,4.52,4.52,4.52,4.52,6.76,6.76,6.76,6.76,6.76,,,,,10.75,10.75,10.75,10.75,9.84,10.2,8.18,8.18,8.18,8.18,8.18,8.18,8.79,8.79,8.79,8.79,8.79,5.49,5.49,5.49,5.55,5.55,5.55,5.55,5.05,5.05,5.05,5.05,5.05,5.05,5.05,4.87,4.37,4.37,4.37,4.37,4.37,4.14,4.14,4.14,4.14,4.14,4.14,4.14,4.14,5.05,5.05,5.05,5.05,5.05,5.05,5.05,5.05,5.05,5.05,4.72,4.72,4.72,4.72,4.72,4.72,4.2,4.2,4.2,4.2,4.2,4.2,4.2,4.2,4.2,4.2,4.2,4.2,4.2,4.2,4.2,,,,
"Ukraine",57.94,52.61,59.07,62.8,59.73,63.65,70.94,78.82,83.59,82.06,76.51,72.41,69.84,57.57,58.98,59.05,58.27,56.4,59.41,59.24,60.55,64.87,64.18,72.78,62.69,66.37,70.1,72.71,68.65,71.01,69.63,72.19,72.05,74.09,71.89,73.14,76.14,74.19,69.92,68.74,63.69,63.51,67.6,59.83,63.95,70.72,69.87,71.41,71.35,69.56,69.14,66.28,66.52,64.89,67.13,65.12,65.24,65.31,69.43,70.53,76.3,74.12,69.38,71.67,74.81,,,,,,,,6.31,6.31,7.35,7.35,7.35,7.35,7.35,7.35,7.35,7.35,7.35,7.35,12.13,12.13,14.94,14.94,14.94,14.94,19.13,18.93,21.91,24.32,24.31,24.08,24.08,24.08,24.08,17.45,17.45,17.45,17.45,21.11,21.11,21.11,17.45
"United Arab Emirates",247.93,246.42,256.05,255.91,260.93,267.39,264.24,274.8,282.72,283.33,298.82,319.42,323.11,311.11,306.73,303.33,300.27,299.58,296.26,291.68,299.15,294.01,297.44,293.37,288.8,282.71,291.96,299.65,295.55,298.38,292.4,288.12,287.63,289.64,291.94,289.21,284.56,285.56,294.68,304.23,309.06,301.09,307.42,292.53,289.71,288.52,285.69,287.46,295.18,292.75,288.23,280.97,275.05,282.35,276.53,280.1,277.66,278.52,283.37,277.09,278.61,272.13,267.39,260.31,267.04,270.42,272.82,279.45,290.01,291.28,294.03,296.66,300.58,299.71,304.36,303.95,308.96,310.52,307.64,304.14,308.71,307.9,292.92,290.33,295.55,303.02,300.37,304.2,304.04,304.57,310.55,318.45,322.71,330.51,324.96,324.29,328.08,324.81,317.73,310.67,317.19,319.2,322.99,316.46,315.99,318.19,319.64
"United Kingdom",488.02,498.17,500.67,506.75,497.23,487.51,475.95,474.94,474.45,477.86,468.74,448.1,450.42,454,427.26,424.89,421.35,422.81,423.99,417.42,433.18,421.68,409.94,410.32,403.67,389.6,382.65,381.27,378.63,376.68,379.63,373.41,382.37,395.4,409.6,396.52,404.02,402.08,400.83,404.76,408.22,412.1,404.18,390.54,401.52,400.63,403.74,397.64,395.65,405.81,401.18,390.32,400.13,395.02,398.73,400.64,386.94,371.21,384.15,391.97,395.59,384.79,376.02,381.35,379.52,385.19,375.9,386.02,378.23,371.42,371.59,373.83,374.69,374.43,375.11,374.2,376.55,373.9,374.68,384.83,384.75,377.61,373.81,380.37,380.76,380.44,382.91,375.97,377.09,380.49,379.87,381.35,393.64,390.55,389.68,390.46,391.98,395.72,401.6,396.39,391.46,384.13,390.02,392.7,398.59,390.38,393.02
"United Republic of Tanzania",52.52,54.63,55.81,58.36,55.24,60.01,64.08,59.18,56.11,50.68,49.21,49.44,54.12,49.45,46.99,46.33,45.08,53.58,58.96,53.1,59.57,58.81,59.64,61.53,54.44,57.65,56.04,53.75,51.4,57.48,57.69,61.94,60.76,55.09,53.74,53.64,44.73,44.12,48.84,55.75,52.34,52.62,54,54.06,49.74,49.17,49.77,51.01,52.28,53.46,56.78,56.62,64.03,51.78,51.8,51.05,50.62,49,49.65,47.86,48.54,47.07,46.91,50.01,49.99,49.17,50.35,51.49,55.22,55.32,54.6,58.6,57.72,56.58,55.33,51.39,52.55,56.39,60.42,61.63,61.67,58.63,59.82,60.64,56.1,57.53,58.52,58.48,58.48,55.32,57.36,56.65,60.29,64.2,63.36,62.33,57.55,58.24,59.72,69.22,68.29,68.27,68.41,70.86,71.49,71.86,72.6
"United States",505.61,518.29,519.01,510.85,491.64,500.43,499.05,482.52,467.32,464.46,465.76,467.55,465.92,468.28,464.89,449.11,447.53,457.66,478.71,480.68,484.11,493.96,491.72,467.49,463.77,476.05,479.14,482.29,476.35,483.49,498.47,501.4,481.17,491.61,494.97,484.87,477.59,483.06,489.33,486.32,486.62,485.25,474.04,455.54,469.3,471.23,469.72,469.74,471.66,478.07,475.99,475.67,481.63,478.04,477.01,486.97,484.3,481.97,489.62,493.15,508.46,502.22,522.71,535.94,537.19,533.47,535.56,523.46,517.38,510.4,501.92,516.37,515.82,506.77,503.23,506.95,505.92,506.32,504.03,504.11,503.22,493.77,493.07,492.19,503.95,499.56,510.29,513.06,522.65,521.04,515.37,508.57,515.73,511.29,512.59,517.24,513.86,520.2,530.31,527.02,527.71,515.46,515.1,514.34,505.58,511.02,510.06
"United States Virgin Islands",22.11,22.51,20.76,20.76,21.82,21.82,21.82,18.76,18.76,18.76,18.76,18.76,18.76,18.76,18.76,18.76,18.76,18.76,18.76,19.17,19.17,19.17,19.17,20.57,20.57,20.57,23.14,23.14,23.14,23.14,23.14,23.14,23.14,23.14,23.14,23.09,23.09,23.15,23.15,23.15,23.15,23.15,23.41,23.34,23.34,23.34,21.53,21.53,21.53,21.53,22.56,22.56,21.58,21.58,22.72,22.71,22.71,22.71,22.71,22.71,26.97,26.97,26.97,19.28,19.28,19.28,19.28,18.65,18.65,18.65,18.65,17.97,18.65,18.65,18.65,18.65,18.65,18.65,18.65,18.65,18.65,18.65,18.77,18.77,18.77,18.77,18.77,18.77,18.77,18.77,18.77,18.77,18.77,18.77,18.77,18.77,18.77,21.6,21.6,21.6,21.6,21.6,21.6,21.6,21.6,21.6,21.6
"Uruguay",68.65,75.34,71.52,66.4,60.5,68.48,69.73,70.1,72.04,67.19,71.98,65.26,74.18,88.87,83.91,87.66,90.29,92.25,89.88,87.42,88.84,87.82,89.28,92.02,88.48,86.69,89.41,91.91,92.12,93.21,88.94,84.53,87.96,86.98,89.34,88.93,88.77,88.54,79.45,75.73,79.19,85.84,85.79,86.87,84.01,85.56,85.62,88.48,86.76,85.67,92.43,88.55,84.22,84.07,84.05,84.04,83.04,85.67,85.99,86,84.82,86.34,86.85,89.19,94.52,92.1,92.01,92.02,96.55,93.97,94.01,95.18,95.28,98.56,98.59,97.9,97.96,97.01,97.1,97.14,99.19,99.57,100.85,101.01,99.9,95.8,95.81,93.38,94.57,94.61,94.67,94.71,95.39,95.36,97.35,97.39,97.32,95.26,95.33,96.84,96.79,96.84,95.68,95.77,96.45,96.46,96.4
"Vanuatu",23.31,25.28,24.61,25.75,25.75,25.75,25.75,25.08,25.09,25.77,28.42,29.02,29.02,26.02,16.92,16.92,16.92,9.61,13.4,13.78,13.78,22.28,22.28,24.28,24.28,20.63,24,27.08,23.55,28.78,28.78,28.76,29.01,29.02,29.02,25.21,25.21,25.21,25.21,23.44,24.07,24.07,25.55,25.57,24.25,24.25,24.25,22.89,22.89,22.9,22.22,22.14,22.14,22.14,22.14,23.49,23.49,23.49,24.62,23.48,23.48,24.26,24.18,24.19,23.27,23.29,23.29,23.29,23.47,23.47,21.95,25.03,25.09,25.09,25.09,25.09,25.09,25.09,25.09,25.09,25.09,25.09,25.16,25.16,25.18,25.17,25.17,25.17,25.85,25.85,25.85,25.85,25.88,25.88,25.88,25.88,25.88,25.87,25.87,25.87,25.87,25.85,25.84,24.49,24.49,24.49,24.49
"Venezuela (Bolivarian Rep. of)",115.95,113.32,113.69,120.51,116.33,116.07,120.03,121.19,122.84,119.27,116.26,112.45,105.96,109.77,112.98,106.27,102.87,101.66,97.31,93.24,85.33,82.22,81.96,88.54,96.35,95.37,97.56,96.61,97.72,94.49,97.07,96.9,93.88,91.07,89.46,76.03,83.76,70.99,71.42,66.23,61.99,69.11,66.67,56.06,54.49,48.65,47.07,49.44,49.11,52.52,49.39,49.39,48.31,48.31,48.57,43.92,43.83,43.84,40.59,42.88,38.15,32.9,32.25,22.2,22.77,24.82,30.97,28.92,30.6,30.6,30.6,30.6,30.6,31.43,31.41,31.41,31.41,30.76,32.48,34.74,34.88,35.54,35.3,35.3,38.78,38.78,38.13,37.65,38.04,38.04,38.04,38.04,38.04,38.04,38.04,38.04,34,34,34,34,34,34,38.65,38.91,38.92,38.92,38.92
"Viet Nam",135.02,137.68,137.05,142.85,142.82,147.58,152.9,153.71,165.43,170.5,166.76,161.89,158.27,169.8,183.62,187.47,187.08,208.79,218.1,226.9,241.78,245.62,242.82,239.35,222.48,215.94,215.84,217.34,218.92,216.71,210.19,213.88,210,216.42,210.94,224.38,237.21,249.68,250.45,266.6,270.79,285.01,288.36,279.06,276.31,274.92,292.55,298.45,301.42,303.42,310.95,315.37,311.47,324.54,309.33,311.21,309.41,332.83,336.94,341.1,345.3,352.28,349.69,355.68,365.93,370.75,395.11,398.26,395.25,401.77,391.25,401.08,399.47,408.7,412.26,413.05,413.67,412.15,414.6,404.35,412.63,405.74,408.28,410.11,403.18,411.1,410.89,409.14,400.81,409.68,415.66,418.7,424.92,442.75,449.26,456.2,459.03,461.6,463.13,467.4,462.59,458.82,465.16,467.52,470.09,480.26,486.11
"Wallis and Futuna Islands",9.47,9.47,9.47,5.56,5.56,5.56,5.56,5.56,5.56,6.42,6.42,6.42,6.42,4.29,4.52,4.52,4.52,4.52,7.44,7.44,7.44,6.76,6.76,,,7.4,7.4,10.75,10.75,10.75,10.75,9.84,10.2,8.18,8.18,8.18,8.18,8.18,8.18,8.18,8.18,8.18,8.18,8.18,5.49,5.49,5.49,5.55,5.55,5.55,5.55,5.05,5.05,5.05,5.05,5.05,5.05,5.05,4.87,,,,,,5.13,5.13,5.13,5.13,5.13,5.13,5.13,5.13,5.05,5.05,5.05,5.05,5.05,5.05,5.05,5.05,5.05,5.05,4.37,4.37,4.37,4.37,4.37,4.37,5.05,5.05,5.05,5.05,5.05,5.05,5.05,5.05,5.05,5.05,5.05,5.05,5.05,5.05,5.05,3.52,3.52,3.52,3.52
"Yemen",55.36,52.82,61.51,64.76,63.69,62.63,67.48,68.37,67.34,63.53,58.15,62.54,57.34,59.14,50.58,47.42,46.57,48.02,47.62,44.7,44.48,44.53,42.23,35.33,34.22,38.98,40.27,38,41.01,44.1,43.93,45.88,41.89,49.19,47.9,46.76,45.28,35.06,32.68,33.84,33.86,33.42,36.24,21.14,21.17,20.66,19.5,19.87,16.3,17.28,15.38,14.55,15.17,15.17,19.29,20.67,21.59,20.7,20.24,19.79,19.22,18.24,16.56,18.1,20.51,25.72,25.95,20.74,21.63,21.54,22.2,22.32,21.63,21.14,23.12,22.4,22,20.76,20.1,23.26,27.17,31.74,36.12,36.1,31.59,35.91,35.91,36.77,34.97,31.09,30.58,38.43,38.45,39.6,41.53,40.07,37.59,37.18,34.08,38.73,38.12,36.62,40.16,42.86,42.84,39.59,39.59
